date,new_cases,new_deaths,hosp_patients,positive_rate,stringency_index,retail_and_recreation_percent_change_from_baseline,grocery_and_pharmacy_percent_change_from_baseline,parks_percent_change_from_baseline,transit_stations_percent_change_from_baseline,workplaces_percent_change_from_baseline,residential_percent_change_from_baseline
2020-02-15,0.0,0.0,0.0,0.16,19.44,-1.0,4.0,7.0,1.0,4.0,0.0
2020-02-16,27.0,1.0,0.0,0.15,19.44,-9.0,-6.0,-35.0,-10.0,-2.0,2.0
2020-02-17,0.0,0.0,0.0,0.12,19.44,-2.0,1.0,-5.0,-1.0,0.0,1.0
2020-02-18,0.0,0.0,0.0,0.15,19.44,1.0,2.0,1.0,-2.0,0.0,1.0
2020-02-19,0.0,0.0,0.0,0.14,19.44,0.0,2.0,8.0,-3.0,0.0,0.0
2020-02-20,0.0,0.0,0.0,0.13,25.0,1.0,4.0,4.0,-3.0,0.0,0.0
2020-02-21,0.0,0.0,0.0,0.13,25.0,-1.0,2.0,7.0,-2.0,0.0,1.0
2020-02-22,0.0,0.0,0.0,0.16,25.0,-5.0,1.0,-10.0,-3.0,-1.0,2.0
2020-02-23,80.0,0.0,0.0,0.18,25.0,1.0,3.0,16.0,2.0,0.0,0.0
2020-02-24,0.0,0.0,0.0,0.19,25.0,18.0,4.0,54.0,-27.0,-55.0,14.0
2020-02-25,0.0,0.0,0.0,0.18,34.26,0.0,7.0,0.0,-2.0,1.0,1.0
2020-02-26,0.0,0.0,0.0,0.17,34.26,-4.0,3.0,-5.0,-5.0,1.0,1.0
2020-02-27,0.0,0.0,0.0,0.18,34.26,-3.0,6.0,-4.0,-7.0,0.0,1.0
2020-02-28,0.0,0.0,0.0,0.17,34.26,-2.0,14.0,-4.0,-10.0,1.0,2.0
2020-02-29,0.0,0.0,0.0,0.13,34.26,-10.0,9.0,-22.0,-21.0,3.0,4.0
2020-03-01,107.0,5.0,0.0,0.13,34.26,-10.0,9.0,-1.0,-23.0,1.0,4.0
2020-03-02,0.0,0.0,0.0,0.14,43.52,-10.0,3.0,-15.0,-15.0,-2.0,4.0
2020-03-03,0.0,0.0,0.0,0.13,43.52,-2.0,9.0,11.0,-15.0,-2.0,4.0
2020-03-04,0.0,0.0,0.0,0.03,43.52,-12.0,-2.0,-21.0,-19.0,-4.0,5.0
2020-03-05,0.0,0.0,0.0,0.03,43.52,-9.0,3.0,-8.0,-18.0,-4.0,4.0
2020-03-06,0.0,0.0,0.0,0.03,43.52,-9.0,2.0,5.0,-18.0,-4.0,5.0
2020-03-07,0.0,0.0,0.0,0.04,43.52,-12.0,2.0,-8.0,-24.0,-4.0,5.0
2020-03-08,216.0,0.0,0.0,0.04,43.52,-17.0,-4.0,-35.0,-31.0,-5.0,6.0
2020-03-09,0.0,0.0,0.0,0.04,40.74,-7.0,2.0,11.0,-15.0,-3.0,4.0
2020-03-10,0.0,0.0,0.0,0.04,40.74,-9.0,-3.0,-28.0,-18.0,-5.0,6.0
2020-03-11,0.0,0.0,0.0,0.09,40.74,-3.0,4.0,13.0,-16.0,-4.0,3.0
2020-03-12,0.0,0.0,0.0,0.07,40.74,-3.0,5.0,16.0,-15.0,-4.0,3.0
2020-03-13,0.0,0.0,0.0,0.06,40.74,-5.0,3.0,10.0,-17.0,-4.0,5.0
2020-03-14,0.0,0.0,0.0,0.07,40.74,-14.0,-4.0,-39.0,-27.0,-7.0,7.0
2020-03-15,325.0,16.0,0.0,0.07,40.74,-7.0,5.0,9.0,-21.0,-3.0,3.0
2020-03-16,0.0,0.0,0.0,0.06,40.74,-7.0,0.0,-7.0,-15.0,-3.0,4.0
2020-03-17,0.0,0.0,0.0,0.06,40.74,-1.0,4.0,14.0,-15.0,-4.0,4.0
2020-03-18,0.0,0.0,0.0,0.04,40.74,-3.0,3.0,20.0,-14.0,-4.0,3.0
2020-03-19,0.0,0.0,0.0,0.04,40.74,4.0,6.0,17.0,-10.0,-4.0,2.0
2020-03-20,0.0,0.0,0.0,0.05,40.74,7.0,6.0,40.0,-34.0,-54.0,17.0
2020-03-21,0.0,0.0,0.0,0.04,40.74,-6.0,5.0,34.0,-15.0,-7.0,3.0
2020-03-22,266.0,18.0,0.0,0.05,40.74,-9.0,1.0,18.0,-18.0,-3.0,3.0
2020-03-23,0.0,0.0,0.0,0.04,40.74,-4.0,0.0,11.0,-13.0,-3.0,3.0
2020-03-24,0.0,0.0,0.0,0.04,40.74,0.0,3.0,14.0,-13.0,-4.0,4.0
2020-03-25,0.0,0.0,0.0,0.06,40.74,2.0,8.0,31.0,-11.0,-4.0,2.0
2020-03-26,0.0,0.0,0.0,0.07,40.74,0.0,13.0,26.0,-13.0,-5.0,3.0
2020-03-27,0.0,0.0,0.0,0.06,40.74,-10.0,3.0,-9.0,-19.0,-7.0,6.0
2020-03-28,0.0,0.0,0.0,0.08,40.74,-18.0,1.0,-23.0,-33.0,-8.0,7.0
2020-03-29,647.0,12.0,0.0,0.1,40.74,-26.0,-7.0,-25.0,-41.0,-9.0,7.0
2020-03-30,0.0,0.0,0.0,0.11,40.74,-7.0,4.0,-2.0,-20.0,-8.0,5.0
2020-03-31,0.0,0.0,0.0,0.11,40.74,-4.0,7.0,9.0,-20.0,-7.0,5.0
2020-04-01,0.0,0.0,0.0,0.11,40.74,-20.0,-5.0,-29.0,-25.0,-10.0,7.0
2020-04-02,0.0,0.0,0.0,0.12,40.74,-12.0,6.0,13.0,-23.0,-10.0,6.0
2020-04-03,0.0,0.0,0.0,0.12,43.52,-14.0,6.0,26.0,-25.0,-11.0,7.0
2020-04-04,0.0,0.0,0.0,0.13,43.52,-21.0,6.0,26.0,-35.0,-12.0,8.0
2020-04-05,1578.0,18.0,0.0,0.14,43.52,-25.0,2.0,3.0,-43.0,-13.0,8.0
2020-04-06,0.0,0.0,0.0,0.12,43.52,-13.0,7.0,15.0,-24.0,-11.0,7.0
2020-04-07,0.0,0.0,0.0,0.11,45.37,-12.0,6.0,17.0,-27.0,-13.0,8.0
2020-04-08,0.0,0.0,0.0,0.12,45.37,-22.0,2.0,16.0,-34.0,-16.0,9.0
2020-04-09,0.0,0.0,0.0,0.14,45.37,-24.0,2.0,8.0,-36.0,-17.0,10.0
2020-04-10,0.0,0.0,0.0,0.14,45.37,-26.0,4.0,0.0,-38.0,-18.0,12.0
2020-04-11,0.0,0.0,0.0,0.14,45.37,-30.0,4.0,3.0,-48.0,-22.0,12.0
2020-04-12,3477.0,28.0,0.0,0.15,45.37,-40.0,-9.0,-35.0,-58.0,-22.0,12.0
2020-04-13,0.0,0.0,0.0,0.15,45.37,-38.0,-15.0,-45.0,-45.0,-20.0,13.0
2020-04-14,0.0,0.0,0.0,0.13,45.37,-23.0,5.0,10.0,-41.0,-20.0,12.0
2020-04-15,0.0,0.0,0.0,0.14,45.37,-24.0,7.0,17.0,-41.0,-21.0,11.0
2020-04-16,0.0,0.0,0.0,0.12,47.22,-27.0,5.0,9.0,-43.0,-22.0,12.0
2020-04-17,0.0,0.0,0.0,0.13,47.22,-31.0,4.0,-1.0,-46.0,-23.0,14.0
2020-04-18,0.0,0.0,0.0,0.13,47.22,-48.0,-14.0,-47.0,-60.0,-26.0,16.0
2020-04-19,3613.0,63.0,0.0,0.11,47.22,-40.0,-3.0,1.0,-53.0,-23.0,11.0
2020-04-20,0.0,0.0,0.0,0.12,47.22,-37.0,-8.0,-33.0,-47.0,-23.0,14.0
2020-04-21,0.0,0.0,0.0,0.13,47.22,-31.0,1.0,8.0,-46.0,-25.0,14.0
2020-04-22,0.0,0.0,0.0,0.11,47.22,-36.0,-4.0,-3.0,-48.0,-26.0,14.0
2020-04-23,0.0,0.0,0.0,0.1,47.22,-36.0,-3.0,-4.0,-48.0,-26.0,15.0
2020-04-24,0.0,0.0,0.0,0.09,47.22,-37.0,-1.0,-8.0,-48.0,-26.0,16.0
2020-04-25,0.0,0.0,0.0,0.08,47.22,-41.0,-3.0,-9.0,-53.0,-26.0,14.0
2020-04-26,2821.0,187.0,0.0,0.08,47.22,-45.0,-9.0,-16.0,-58.0,-27.0,12.0
2020-04-27,0.0,0.0,0.0,0.07,47.22,-35.0,-5.0,-9.0,-47.0,-26.0,15.0
2020-04-28,0.0,0.0,5514.0,0.08,47.22,-28.0,2.0,4.0,-46.0,-27.0,14.0
2020-04-29,0.0,0.0,5514.0,0.08,47.22,-30.0,-5.0,23.0,-64.0,-64.0,22.0
2020-04-30,0.0,0.0,5514.0,0.06,47.22,-30.0,4.0,8.0,-47.0,-32.0,16.0
2020-05-01,0.0,0.0,5514.0,0.06,47.22,-35.0,1.0,4.0,-50.0,-35.0,19.0
2020-05-02,0.0,0.0,5514.0,0.06,47.22,-43.0,-5.0,-11.0,-55.0,-30.0,15.0
2020-05-03,1657.0,144.0,5514.0,0.06,47.22,-45.0,-9.0,-19.0,-58.0,-30.0,12.0
2020-05-04,0.0,0.0,5514.0,0.07,47.22,-28.0,-6.0,4.0,-67.0,-73.0,29.0
2020-05-05,0.0,0.0,5514.0,0.07,47.22,-23.0,0.0,29.0,-65.0,-73.0,29.0
2020-05-06,0.0,0.0,5514.0,0.07,47.22,-36.0,-12.0,-17.0,-69.0,-72.0,30.0
2020-05-07,0.0,0.0,4436.0,0.05,47.22,-31.0,1.0,3.0,-44.0,-26.0,14.0
2020-05-08,0.0,0.0,4436.0,0.04,47.22,-34.0,0.0,6.0,-45.0,-27.0,16.0
2020-05-09,0.0,0.0,4436.0,0.03,47.22,-39.0,-5.0,-20.0,-51.0,-20.0,13.0
2020-05-10,908.0,121.0,4436.0,0.02,47.22,-38.0,-7.0,-35.0,-56.0,-24.0,12.0
2020-05-11,0.0,0.0,4436.0,0.02,47.22,-32.0,-2.0,0.0,-42.0,-22.0,12.0
2020-05-12,0.0,0.0,4436.0,0.02,47.22,-30.0,0.0,6.0,-43.0,-23.0,13.0
2020-05-13,0.0,0.0,3423.0,0.01,47.22,-31.0,-1.0,4.0,-44.0,-23.0,13.0
2020-05-14,0.0,0.0,3423.0,0.01,40.74,-30.0,-1.0,6.0,-44.0,-23.0,12.0
2020-05-15,0.0,0.0,3423.0,0.02,40.74,-32.0,0.0,-4.0,-44.0,-23.0,15.0
2020-05-16,0.0,0.0,3423.0,0.01,40.74,-40.0,-12.0,-52.0,-55.0,-23.0,14.0
2020-05-17,538.0,131.0,3423.0,0.01,40.74,-32.0,-1.0,-2.0,-48.0,-20.0,9.0
2020-05-18,0.0,0.0,3423.0,0.01,40.74,-32.0,-7.0,-20.0,-42.0,-20.0,13.0
2020-05-19,0.0,0.0,3423.0,0.01,40.74,-29.0,-4.0,-20.0,-43.0,-22.0,14.0
2020-05-20,0.0,0.0,3423.0,0.01,40.74,-26.0,1.0,-6.0,-41.0,-21.0,12.0
2020-05-21,0.0,0.0,2058.0,0.01,40.74,-27.0,-1.0,-8.0,-41.0,-21.0,12.0
2020-05-22,0.0,0.0,2058.0,0.01,40.74,-29.0,-2.0,-5.0,-41.0,-21.0,13.0
2020-05-23,0.0,0.0,2058.0,0.01,40.74,-27.0,0.0,-8.0,-43.0,-20.0,11.0
2020-05-24,265.0,76.0,2058.0,0.01,40.74,-27.0,-1.0,8.0,-42.0,-17.0,8.0
2020-05-25,0.0,0.0,2058.0,0.01,34.26,-22.0,2.0,2.0,-35.0,-18.0,10.0
2020-05-26,0.0,0.0,2058.0,0.01,34.26,-22.0,-1.0,-8.0,-36.0,-18.0,11.0
2020-05-27,0.0,0.0,1369.0,0.01,34.26,-20.0,2.0,5.0,-35.0,-18.0,10.0
2020-05-28,0.0,0.0,1369.0,0.01,34.26,-20.0,1.0,5.0,-34.0,-18.0,10.0
2020-05-29,0.0,0.0,1369.0,0.01,34.26,-21.0,2.0,5.0,-34.0,-17.0,11.0
2020-05-30,0.0,0.0,1369.0,0.01,34.26,-20.0,3.0,1.0,-34.0,-14.0,8.0
2020-05-31,301.0,71.0,1369.0,0.01,34.26,-22.0,0.0,-16.0,-39.0,-14.0,7.0
2020-06-01,0.0,0.0,1369.0,0.01,28.7,-21.0,-2.0,-13.0,-26.0,-11.0,8.0
2020-06-02,0.0,0.0,1369.0,0.01,28.7,-16.0,2.0,5.0,-27.0,-13.0,8.0
2020-06-03,0.0,0.0,1015.0,0.01,28.7,-19.0,1.0,5.0,-28.0,-13.0,8.0
2020-06-04,0.0,0.0,1015.0,0.01,28.7,-18.0,2.0,2.0,-28.0,-13.0,8.0
2020-06-05,0.0,0.0,1015.0,0.01,28.7,-18.0,1.0,1.0,-29.0,-15.0,9.0
2020-06-06,0.0,0.0,1015.0,0.01,28.7,-17.0,1.0,-2.0,-31.0,-15.0,7.0
2020-06-07,290.0,25.0,1015.0,0.01,28.7,-15.0,2.0,10.0,-32.0,-13.0,5.0
2020-06-08,0.0,0.0,1015.0,0.01,28.7,-17.0,-1.0,1.0,-26.0,-11.0,7.0
2020-06-09,0.0,0.0,1015.0,0.01,28.7,-13.0,2.0,7.0,-26.0,-12.0,8.0
2020-06-10,0.0,0.0,781.0,0.01,28.7,-14.0,2.0,-1.0,-26.0,-13.0,7.0
2020-06-11,0.0,0.0,781.0,0.01,28.7,-20.0,-6.0,-26.0,-28.0,-14.0,9.0
2020-06-12,0.0,0.0,781.0,0.01,28.7,-16.0,0.0,-10.0,-27.0,-15.0,9.0
2020-06-13,0.0,0.0,781.0,0.01,28.7,-18.0,-6.0,-40.0,-35.0,-19.0,9.0
2020-06-14,288.0,9.0,781.0,0.01,28.7,-16.0,-2.0,-30.0,-36.0,-13.0,6.0
2020-06-15,0.0,0.0,781.0,0.01,28.7,-12.0,3.0,-3.0,-23.0,-11.0,6.0
2020-06-16,0.0,0.0,781.0,0.01,28.7,-9.0,3.0,6.0,-23.0,-11.0,7.0
2020-06-17,0.0,0.0,587.0,0.02,28.7,-11.0,2.0,10.0,-23.0,-12.0,6.0
2020-06-18,0.0,0.0,587.0,0.02,28.7,-16.0,-4.0,-14.0,-25.0,-13.0,7.0
2020-06-19,0.0,0.0,587.0,0.02,28.7,-15.0,-5.0,-26.0,-26.0,-15.0,9.0
2020-06-20,0.0,0.0,587.0,0.02,28.7,-7.0,6.0,10.0,-21.0,-12.0,4.0
2020-06-21,435.0,28.0,587.0,0.01,25.93,-9.0,2.0,11.0,-24.0,-10.0,4.0
2020-06-22,0.0,0.0,587.0,0.01,25.93,-16.0,-5.0,-14.0,-22.0,-11.0,7.0
2020-06-23,0.0,0.0,587.0,0.01,25.93,-8.0,3.0,6.0,-20.0,-11.0,6.0
2020-06-24,0.0,0.0,559.0,0.01,25.93,-11.0,1.0,6.0,-21.0,-11.0,6.0
2020-06-25,0.0,0.0,559.0,0.02,25.93,-11.0,2.0,-13.0,-20.0,-12.0,6.0
2020-06-26,0.0,0.0,559.0,0.02,25.93,-11.0,1.0,-7.0,-21.0,-13.0,7.0
2020-06-27,0.0,0.0,559.0,0.02,25.93,-8.0,3.0,0.0,-20.0,-15.0,5.0
2020-06-28,526.0,18.0,559.0,0.02,25.93,-12.0,-1.0,-20.0,-28.0,-12.0,5.0
2020-06-29,0.0,0.0,559.0,0.02,25.93,-9.0,0.0,1.0,-19.0,-9.0,6.0
2020-06-30,0.0,0.0,559.0,0.02,25.93,-11.0,-2.0,-22.0,-21.0,-10.0,7.0
2020-07-01,0.0,0.0,696.0,0.02,25.93,-13.0,-2.0,-12.0,-21.0,-9.0,6.0
2020-07-02,0.0,0.0,696.0,0.03,25.93,-9.0,3.0,2.0,-19.0,-10.0,5.0
2020-07-03,0.0,0.0,696.0,0.03,25.93,-14.0,-4.0,-14.0,-21.0,-11.0,7.0
2020-07-04,0.0,0.0,696.0,0.04,25.93,-13.0,-1.0,-28.0,-27.0,-13.0,7.0
2020-07-05,1132.0,6.0,696.0,0.04,25.93,-12.0,2.0,-7.0,-28.0,-11.0,5.0
2020-07-06,0.0,0.0,696.0,0.04,25.93,-20.0,-9.0,-31.0,-22.0,-11.0,7.0
2020-07-07,0.0,0.0,696.0,0.04,25.93,-12.0,-1.0,-18.0,-22.0,-12.0,7.0
2020-07-08,0.0,0.0,1039.0,0.04,25.93,-12.0,-1.0,-12.0,-22.0,-12.0,6.0
2020-07-09,0.0,0.0,1039.0,0.04,25.93,-14.0,-2.0,-20.0,-21.0,-11.0,7.0
2020-07-10,0.0,0.0,1039.0,0.04,25.93,-13.0,0.0,-17.0,-22.0,-12.0,7.0
2020-07-11,0.0,0.0,1039.0,0.04,25.93,-12.0,1.0,-22.0,-27.0,-15.0,7.0
2020-07-12,1980.0,5.0,1039.0,0.05,25.93,-11.0,2.0,-3.0,-27.0,-10.0,5.0
2020-07-13,0.0,0.0,1039.0,0.05,25.93,-15.0,-5.0,-18.0,-20.0,-10.0,6.0
2020-07-14,0.0,0.0,1039.0,0.04,25.93,-12.0,-2.0,-17.0,-22.0,-12.0,7.0
2020-07-15,0.0,0.0,1717.0,0.05,25.93,-10.0,1.0,-9.0,-20.0,-11.0,6.0
2020-07-16,0.0,0.0,1717.0,0.04,25.93,-9.0,3.0,0.0,-20.0,-11.0,6.0
2020-07-17,0.0,0.0,1717.0,0.04,25.93,-14.0,-3.0,-15.0,-22.0,-12.0,7.0
2020-07-18,0.0,0.0,1717.0,0.05,25.93,-13.0,0.0,-15.0,-26.0,-11.0,6.0
2020-07-19,3140.0,3.0,1717.0,0.05,25.93,-13.0,0.0,6.0,-28.0,-10.0,5.0
2020-07-20,0.0,0.0,1717.0,0.05,25.93,-11.0,1.0,-4.0,-20.0,-9.0,5.0
2020-07-21,0.0,0.0,1717.0,0.05,25.93,-7.0,3.0,0.0,-19.0,-10.0,6.0
2020-07-22,0.0,0.0,2744.0,0.05,25.93,-4.0,4.0,-1.0,-16.0,-9.0,4.0
2020-07-23,0.0,0.0,2744.0,0.06,30.56,6.0,3.0,9.0,-39.0,-58.0,18.0
2020-07-24,0.0,0.0,2744.0,0.07,30.56,-2.0,1.0,26.0,-42.0,-61.0,21.0
2020-07-25,0.0,0.0,2744.0,0.07,30.56,-16.0,-3.0,-19.0,-28.0,-20.0,8.0
2020-07-26,4740.0,11.0,2744.0,0.07,34.26,-18.0,-4.0,-21.0,-29.0,-12.0,6.0
2020-07-27,0.0,0.0,2744.0,0.07,34.26,-13.0,-1.0,-14.0,-20.0,-11.0,6.0
2020-07-28,0.0,0.0,2744.0,0.07,34.26,-10.0,0.0,-8.0,-21.0,-12.0,7.0
2020-07-29,0.0,0.0,4034.0,0.07,34.26,-12.0,1.0,-3.0,-22.0,-12.0,6.0
2020-07-30,0.0,0.0,4034.0,0.07,34.26,-11.0,2.0,-2.0,-22.0,-12.0,6.0
2020-07-31,0.0,0.0,4034.0,0.07,34.26,-14.0,1.0,-5.0,-23.0,-12.0,7.0
2020-08-01,0.0,0.0,4034.0,0.07,34.26,-15.0,3.0,3.0,-26.0,-9.0,5.0
2020-08-02,7307.0,15.0,4034.0,0.07,34.26,-15.0,2.0,9.0,-29.0,-10.0,5.0
2020-08-03,0.0,0.0,4034.0,0.08,34.26,-12.0,0.0,3.0,-22.0,-12.0,6.0
2020-08-04,0.0,0.0,4034.0,0.08,34.26,-8.0,5.0,8.0,-22.0,-13.0,6.0
2020-08-05,0.0,0.0,5116.0,0.07,34.26,-9.0,3.0,6.0,-23.0,-14.0,6.0
2020-08-06,0.0,0.0,5116.0,0.07,32.41,-9.0,3.0,4.0,-23.0,-14.0,6.0
2020-08-07,0.0,0.0,5116.0,0.06,32.41,-11.0,1.0,1.0,-24.0,-15.0,7.0
2020-08-08,0.0,0.0,5116.0,0.06,32.41,-14.0,2.0,0.0,-25.0,-12.0,5.0
2020-08-09,10094.0,29.0,5116.0,0.06,32.41,-12.0,1.0,10.0,-23.0,-11.0,4.0
2020-08-10,0.0,0.0,5116.0,0.07,32.41,8.0,4.0,36.0,-42.0,-64.0,19.0
2020-08-11,0.0,0.0,5116.0,0.06,32.41,3.0,8.0,20.0,-28.0,-33.0,11.0
2020-08-12,0.0,0.0,6009.0,0.06,32.41,3.0,8.0,23.0,-29.0,-37.0,11.0
2020-08-13,0.0,0.0,6009.0,0.06,32.41,8.0,10.0,30.0,-32.0,-53.0,15.0
2020-08-14,0.0,0.0,6009.0,0.05,32.41,1.0,6.0,29.0,-34.0,-57.0,18.0
2020-08-15,0.0,0.0,6009.0,0.05,32.41,-14.0,0.0,6.0,-29.0,-41.0,9.0
2020-08-16,7931.0,48.0,6009.0,0.05,32.41,-19.0,-3.0,-5.0,-30.0,-18.0,5.0
2020-08-17,0.0,0.0,6009.0,0.04,32.41,-11.0,-1.0,-3.0,-26.0,-17.0,7.0
2020-08-18,0.0,0.0,6009.0,0.04,32.41,-9.0,1.0,4.0,-25.0,-15.0,7.0
2020-08-19,0.0,0.0,5973.0,0.05,32.41,-12.0,0.0,2.0,-25.0,-15.0,7.0
2020-08-20,0.0,0.0,5973.0,0.04,32.41,-11.0,2.0,-4.0,-26.0,-14.0,7.0
2020-08-21,0.0,0.0,5973.0,0.05,32.41,-15.0,-3.0,-4.0,-27.0,-15.0,8.0
2020-08-22,0.0,0.0,5973.0,0.05,32.41,-15.0,-1.0,-8.0,-28.0,-12.0,6.0
2020-08-23,7033.0,88.0,5973.0,0.05,32.41,-17.0,-3.0,-9.0,-31.0,-11.0,5.0
2020-08-24,0.0,0.0,5973.0,0.05,32.41,-13.0,-3.0,-5.0,-24.0,-12.0,6.0
2020-08-25,0.0,0.0,5973.0,0.05,32.41,-7.0,3.0,1.0,-22.0,-12.0,6.0
2020-08-26,0.0,0.0,5576.0,0.05,32.41,-11.0,0.0,-2.0,-23.0,-12.0,6.0
2020-08-27,0.0,0.0,5576.0,0.05,32.41,-12.0,0.0,-7.0,-24.0,-12.0,6.0
2020-08-28,0.0,0.0,5576.0,0.04,32.41,-14.0,-2.0,-6.0,-25.0,-13.0,7.0
2020-08-29,0.0,0.0,5576.0,0.04,32.41,-13.0,0.0,-5.0,-26.0,-12.0,5.0
2020-08-30,5517.0,88.0,5576.0,0.04,32.41,-14.0,0.0,-8.0,-29.0,-10.0,5.0
2020-08-31,0.0,0.0,5576.0,0.04,32.41,-13.0,-2.0,-10.0,-23.0,-10.0,6.0
2020-09-01,0.0,0.0,5576.0,0.04,32.41,-11.0,1.0,-3.0,-22.0,-11.0,6.0
2020-09-02,0.0,0.0,4994.0,0.04,32.41,-15.0,-3.0,-10.0,-25.0,-12.0,6.0
2020-09-03,0.0,0.0,4994.0,0.04,32.41,-13.0,-1.0,-11.0,-24.0,-12.0,6.0
2020-09-04,0.0,0.0,4994.0,0.03,32.41,-13.0,-1.0,-10.0,-24.0,-12.0,7.0
2020-09-05,0.0,0.0,4994.0,0.03,32.41,-12.0,2.0,-12.0,-27.0,-11.0,6.0
2020-09-06,4155.0,93.0,4994.0,0.03,32.41,-20.0,-8.0,-23.0,-35.0,-13.0,6.0
2020-09-07,0.0,0.0,4994.0,0.03,32.41,-22.0,-13.0,-23.0,-29.0,-19.0,9.0
2020-09-08,0.0,0.0,4994.0,0.03,32.41,-9.0,1.0,0.0,-21.0,-12.0,5.0
2020-09-09,0.0,0.0,4174.0,0.03,32.41,-12.0,-3.0,-3.0,-22.0,-12.0,5.0
2020-09-10,0.0,0.0,4174.0,0.03,35.19,-10.0,0.0,-4.0,-20.0,-12.0,5.0
2020-09-11,0.0,0.0,4174.0,0.03,35.19,-12.0,-2.0,-2.0,-21.0,-12.0,6.0
2020-09-12,0.0,0.0,4174.0,0.03,35.19,-12.0,-3.0,-15.0,-25.0,-13.0,5.0
2020-09-13,3799.0,82.0,4174.0,0.03,35.19,-11.0,-2.0,-1.0,-25.0,-9.0,3.0
2020-09-14,0.0,0.0,4174.0,0.03,35.19,-11.0,-4.0,2.0,-19.0,-9.0,4.0
2020-09-15,0.0,0.0,4174.0,0.03,35.19,-5.0,2.0,11.0,-17.0,-10.0,4.0
2020-09-16,0.0,0.0,3754.0,0.03,35.19,-9.0,-1.0,7.0,-18.0,-10.0,4.0
2020-09-17,0.0,0.0,3754.0,0.03,35.19,-10.0,-3.0,0.0,-19.0,-11.0,4.0
2020-09-18,0.0,0.0,3754.0,0.03,35.19,-11.0,-3.0,-6.0,-19.0,-11.0,5.0
2020-09-19,0.0,0.0,3754.0,0.03,35.19,-8.0,1.0,12.0,-12.0,-9.0,2.0
2020-09-20,3439.0,61.0,3754.0,0.03,35.19,-3.0,2.0,27.0,-7.0,-8.0,0.0
2020-09-21,0.0,0.0,3754.0,0.04,35.19,21.0,5.0,76.0,-25.0,-62.0,14.0
2020-09-22,0.0,0.0,3754.0,0.04,35.19,12.0,5.0,53.0,-34.0,-60.0,16.0
2020-09-23,0.0,0.0,3601.0,0.03,35.19,-14.0,-2.0,-10.0,-18.0,-9.0,5.0
2020-09-24,0.0,0.0,3601.0,0.04,35.19,-15.0,-5.0,-17.0,-22.0,-10.0,6.0
2020-09-25,0.0,0.0,3601.0,0.03,35.19,-15.0,-4.0,-25.0,-19.0,-10.0,7.0
2020-09-26,0.0,0.0,3601.0,0.03,35.19,-12.0,0.0,-15.0,-20.0,-7.0,5.0
2020-09-27,3033.0,45.0,3601.0,0.03,35.19,-9.0,2.0,7.0,-20.0,-6.0,3.0
2020-09-28,0.0,0.0,3601.0,0.03,35.19,-7.0,1.0,2.0,-15.0,-9.0,4.0
2020-09-29,0.0,0.0,3601.0,0.02,35.19,-4.0,3.0,6.0,-16.0,-9.0,4.0
2020-09-30,0.0,0.0,3249.0,0.02,35.19,-5.0,5.0,4.0,-16.0,-8.0,3.0
2020-10-01,0.0,0.0,3249.0,0.02,35.19,-9.0,1.0,-3.0,-18.0,-8.0,4.0
2020-10-02,0.0,0.0,3249.0,0.02,35.19,-11.0,-2.0,2.0,-19.0,-9.0,5.0
2020-10-03,0.0,0.0,3249.0,0.02,35.19,-9.0,1.0,11.0,-17.0,-9.0,4.0
2020-10-04,3649.0,52.0,3249.0,0.02,35.19,-10.0,0.0,12.0,-18.0,-8.0,3.0
2020-10-05,0.0,0.0,3249.0,0.02,35.19,-11.0,-2.0,-4.0,-17.0,-9.0,4.0
2020-10-06,0.0,0.0,3249.0,0.03,35.19,-6.0,1.0,7.0,-16.0,-9.0,4.0
2020-10-07,0.0,0.0,2963.0,0.03,35.19,-10.0,-2.0,-2.0,-17.0,-9.0,4.0
2020-10-08,0.0,0.0,2963.0,0.03,35.19,-15.0,-7.0,-30.0,-20.0,-10.0,6.0
2020-10-09,0.0,0.0,2963.0,0.03,35.19,-17.0,-7.0,-26.0,-21.0,-11.0,7.0
2020-10-10,0.0,0.0,2963.0,0.03,35.19,-17.0,-7.0,-33.0,-30.0,-16.0,8.0
2020-10-11,3573.0,30.0,2963.0,0.03,35.19,-8.0,2.0,7.0,-18.0,-7.0,3.0
2020-10-12,0.0,0.0,2963.0,0.03,35.19,-10.0,-2.0,0.0,-17.0,-9.0,4.0
2020-10-13,0.0,0.0,2963.0,0.03,35.19,-7.0,1.0,8.0,-16.0,-9.0,4.0
2020-10-14,0.0,0.0,3040.0,0.03,35.19,-8.0,-1.0,8.0,-16.0,-9.0,4.0
2020-10-15,0.0,0.0,3040.0,0.03,35.19,-6.0,3.0,-5.0,-15.0,-9.0,4.0
2020-10-16,0.0,0.0,3040.0,0.03,35.19,-7.0,1.0,-1.0,-16.0,-10.0,5.0
2020-10-17,0.0,0.0,3040.0,0.03,35.19,-11.0,-4.0,-34.0,-20.0,-11.0,6.0
2020-10-18,3744.0,43.0,3040.0,0.03,35.19,-4.0,4.0,18.0,-11.0,-7.0,2.0
2020-10-19,0.0,0.0,3040.0,0.03,35.19,-11.0,-5.0,-13.0,-16.0,-9.0,5.0
2020-10-20,0.0,0.0,3040.0,0.03,35.19,-2.0,4.0,8.0,-15.0,-8.0,4.0
2020-10-21,0.0,0.0,2966.0,0.03,35.19,-6.0,1.0,9.0,-15.0,-8.0,3.0
2020-10-22,0.0,0.0,2966.0,0.03,35.19,-8.0,-1.0,-10.0,-17.0,-9.0,4.0
2020-10-23,0.0,0.0,2966.0,0.03,35.19,-11.0,-3.0,-21.0,-18.0,-10.0,6.0
2020-10-24,0.0,0.0,2966.0,0.03,35.19,-3.0,4.0,11.0,-11.0,-11.0,3.0
2020-10-25,3878.0,41.0,2966.0,0.03,35.19,-3.0,5.0,24.0,-9.0,-7.0,1.0
2020-10-26,0.0,0.0,2966.0,0.03,35.19,-6.0,0.0,3.0,-15.0,-8.0,3.0
2020-10-27,0.0,0.0,2966.0,0.03,35.19,-3.0,3.0,9.0,-15.0,-8.0,4.0
2020-10-28,0.0,0.0,3108.0,0.03,35.19,-5.0,1.0,7.0,-16.0,-8.0,3.0
2020-10-29,0.0,0.0,3108.0,0.03,35.19,-6.0,0.0,3.0,-16.0,-8.0,4.0
2020-10-30,0.0,0.0,3108.0,0.03,35.19,-7.0,0.0,-3.0,-17.0,-8.0,4.0
2020-10-31,0.0,0.0,3108.0,0.04,35.19,-5.0,2.0,14.0,-11.0,-7.0,2.0
2020-11-01,4612.0,55.0,3108.0,0.04,35.19,-5.0,2.0,19.0,-12.0,-6.0,2.0
2020-11-02,0.0,0.0,3108.0,0.04,35.19,-5.0,-4.0,-19.0,-17.0,-11.0,5.0
2020-11-03,0.0,0.0,3108.0,0.05,35.19,16.0,5.0,33.0,-36.0,-57.0,17.0
2020-11-04,0.0,0.0,3495.0,0.05,35.19,-10.0,-1.0,-1.0,-16.0,-6.0,3.0
2020-11-05,0.0,0.0,3495.0,0.04,35.19,-8.0,0.0,0.0,-17.0,-7.0,4.0
2020-11-06,0.0,0.0,3495.0,0.04,35.19,-11.0,-3.0,-3.0,-18.0,-7.0,5.0
2020-11-07,0.0,0.0,3495.0,0.05,37.04,-10.0,-2.0,-13.0,-19.0,-5.0,4.0
2020-11-08,5940.0,46.0,3495.0,0.05,37.04,-7.0,1.0,15.0,-15.0,-7.0,3.0
2020-11-09,0.0,0.0,3495.0,0.05,37.04,-10.0,-3.0,-5.0,-17.0,-7.0,4.0
2020-11-10,0.0,0.0,3495.0,0.05,37.04,-4.0,2.0,0.0,-16.0,-8.0,4.0
2020-11-11,0.0,0.0,4484.0,0.05,37.04,-6.0,0.0,1.0,-17.0,-8.0,4.0
2020-11-12,0.0,0.0,4484.0,0.05,37.04,-7.0,0.0,-2.0,-17.0,-8.0,4.0
2020-11-13,0.0,0.0,4484.0,0.06,37.04,-9.0,-1.0,-1.0,-18.0,-9.0,5.0
2020-11-14,0.0,0.0,4484.0,0.06,37.04,-6.0,1.0,10.0,-14.0,-10.0,4.0
2020-11-15,9591.0,71.0,4484.0,0.06,37.04,-6.0,3.0,21.0,-13.0,-7.0,2.0
2020-11-16,0.0,0.0,4484.0,0.06,37.04,-9.0,-2.0,0.0,-17.0,-8.0,4.0
2020-11-17,0.0,0.0,4484.0,0.06,37.04,-6.0,0.0,7.0,-17.0,-8.0,4.0
2020-11-18,0.0,0.0,5951.0,0.07,37.04,-8.0,-1.0,7.0,-17.0,-8.0,4.0
2020-11-19,0.0,0.0,5951.0,0.07,37.04,-9.0,-1.0,-1.0,-18.0,-8.0,4.0
2020-11-20,0.0,0.0,5951.0,0.06,37.04,-11.0,-1.0,-15.0,-19.0,-9.0,6.0
2020-11-21,0.0,0.0,5951.0,0.07,37.04,-9.0,1.0,4.0,-15.0,-7.0,3.0
2020-11-22,13502.0,91.0,5951.0,0.07,37.04,-6.0,-1.0,17.0,-12.0,-8.0,2.0
2020-11-23,0.0,0.0,5951.0,0.08,37.04,9.0,1.0,29.0,-38.0,-60.0,17.0
2020-11-24,0.0,0.0,5951.0,0.07,37.04,-9.0,0.0,-5.0,-17.0,-7.0,4.0
2020-11-25,0.0,0.0,7826.0,0.06,37.04,-9.0,0.0,-10.0,-18.0,-7.0,4.0
2020-11-26,0.0,0.0,7826.0,0.06,37.04,-8.0,1.0,-4.0,-18.0,-7.0,4.0
2020-11-27,0.0,0.0,7826.0,0.06,37.04,-11.0,-2.0,-9.0,-20.0,-8.0,5.0
2020-11-28,0.0,0.0,7826.0,0.07,37.04,-10.0,0.0,-10.0,-21.0,-7.0,5.0
2020-11-29,14474.0,132.0,7826.0,0.07,37.04,-10.0,0.0,-4.0,-24.0,-7.0,4.0
2020-11-30,0.0,0.0,7826.0,0.06,37.04,-8.0,0.0,-11.0,-19.0,-6.0,4.0
2020-12-01,0.0,0.0,7826.0,0.06,42.59,-7.0,2.0,-5.0,-19.0,-7.0,5.0
2020-12-02,0.0,0.0,8488.0,0.06,42.59,-11.0,-3.0,-12.0,-21.0,-7.0,5.0
2020-12-03,0.0,0.0,8488.0,0.06,42.59,-10.0,0.0,-13.0,-21.0,-7.0,5.0
2020-12-04,0.0,0.0,8488.0,0.07,42.59,-10.0,-1.0,-11.0,-21.0,-8.0,6.0
2020-12-05,0.0,0.0,8488.0,0.06,42.59,-11.0,-1.0,-21.0,-24.0,-7.0,5.0
2020-12-06,15445.0,209.0,8488.0,0.06,42.59,-8.0,1.0,-1.0,-23.0,-7.0,4.0
2020-12-07,0.0,0.0,8488.0,0.06,42.59,-11.0,-2.0,-10.0,-20.0,-7.0,5.0
2020-12-08,0.0,0.0,8488.0,0.07,42.59,-8.0,0.0,-7.0,-21.0,-7.0,5.0
2020-12-09,0.0,0.0,9222.0,0.06,42.59,-10.0,-2.0,-9.0,-22.0,-8.0,5.0
2020-12-10,0.0,0.0,9222.0,0.06,42.59,-8.0,2.0,-12.0,-20.0,-8.0,5.0
2020-12-11,0.0,0.0,9222.0,0.06,42.59,-11.0,-2.0,-10.0,-21.0,-8.0,5.0
2020-12-12,0.0,0.0,9222.0,0.06,42.59,-8.0,1.0,-13.0,-22.0,-9.0,5.0
2020-12-13,17189.0,247.0,9222.0,0.06,42.59,-8.0,1.0,-10.0,-24.0,-7.0,4.0
2020-12-14,0.0,0.0,9222.0,0.06,42.59,-12.0,-5.0,-20.0,-21.0,-8.0,5.0
2020-12-15,0.0,0.0,9222.0,0.06,42.59,-4.0,3.0,-17.0,-19.0,-8.0,5.0
2020-12-16,0.0,0.0,10047.0,0.06,42.59,-9.0,-1.0,-19.0,-21.0,-8.0,5.0
2020-12-17,0.0,0.0,10047.0,0.06,42.59,-9.0,0.0,-20.0,-21.0,-8.0,5.0
2020-12-18,0.0,0.0,10047.0,0.06,42.59,-10.0,0.0,-18.0,-21.0,-8.0,6.0
2020-12-19,0.0,0.0,10047.0,0.06,42.59,-9.0,1.0,-25.0,-23.0,-6.0,5.0
2020-12-20,18593.0,311.0,10047.0,0.06,42.59,-8.0,2.0,-22.0,-26.0,-6.0,4.0
2020-12-21,0.0,0.0,10047.0,0.06,42.59,-8.0,0.0,-18.0,-20.0,-8.0,5.0
2020-12-22,0.0,0.0,10047.0,0.06,42.59,-4.0,2.0,-12.0,-20.0,-8.0,5.0
2020-12-23,0.0,0.0,10470.0,0.06,42.59,-4.0,3.0,-11.0,-20.0,-8.0,4.0
2020-12-24,0.0,0.0,10470.0,0.06,42.59,0.0,8.0,-22.0,-21.0,-9.0,5.0
2020-12-25,0.0,0.0,10470.0,0.06,42.59,-6.0,5.0,-19.0,-22.0,-10.0,7.0
2020-12-26,0.0,0.0,10470.0,0.07,42.59,-12.0,1.0,-24.0,-24.0,-5.0,5.0
2020-12-27,21432.0,340.0,10470.0,0.07,42.59,-11.0,2.0,-21.0,-26.0,-4.0,5.0
2020-12-28,0.0,0.0,10470.0,0.07,45.37,9.0,9.0,-16.0,-26.0,-26.0,9.0
2020-12-29,0.0,0.0,10470.0,0.07,45.37,18.0,17.0,-4.0,-36.0,-49.0,16.0
2020-12-30,0.0,0.0,11585.0,0.08,45.37,9.0,17.0,-31.0,-45.0,-64.0,21.0
2020-12-31,0.0,0.0,11585.0,0.09,45.37,-9.0,13.0,-28.0,-57.0,-75.0,27.0
2021-01-01,0.0,0.0,11585.0,0.11,48.15,-45.0,-41.0,-8.0,-66.0,-84.0,32.0
2021-01-02,0.0,0.0,11585.0,0.12,48.15,-28.0,-21.0,-27.0,-45.0,-60.0,15.0
2021-01-03,26535.0,335.0,11585.0,0.11,48.15,-24.0,-14.0,-25.0,-35.0,-29.0,8.0
2021-01-04,0.0,0.0,11585.0,0.11,48.15,0.0,0.0,-11.0,-35.0,-43.0,16.0
2021-01-05,0.0,0.0,11585.0,0.09,49.54,-7.0,0.0,-19.0,-29.0,-21.0,11.0
2021-01-06,0.0,0.0,13093.0,0.08,49.54,-14.0,0.0,-19.0,-28.0,-12.0,7.0
2021-01-07,0.0,0.0,13093.0,0.08,49.54,-21.0,-5.0,-30.0,-30.0,-12.0,9.0
2021-01-08,0.0,0.0,13093.0,0.09,49.54,-27.0,-8.0,-32.0,-32.0,-13.0,10.0
2021-01-09,0.0,0.0,13093.0,0.09,49.54,-27.0,-8.0,-37.0,-40.0,-12.0,10.0
2021-01-10,42905.0,448.0,13093.0,0.1,49.54,-20.0,-5.0,-27.0,-40.0,-12.0,7.0
2021-01-11,0.0,0.0,13093.0,0.12,49.54,-7.0,-4.0,-16.0,-54.0,-60.0,22.0
2021-01-12,0.0,0.0,13093.0,0.12,49.54,-23.0,-7.0,-34.0,-29.0,-12.0,9.0
2021-01-13,0.0,0.0,14825.0,0.11,49.54,-21.0,-4.0,-18.0,-29.0,-11.0,7.0
2021-01-14,0.0,0.0,14825.0,0.11,49.54,-22.0,-5.0,-17.0,-31.0,-12.0,7.0
2021-01-15,0.0,0.0,14825.0,0.1,49.54,-25.0,-6.0,-24.0,-33.0,-13.0,8.0
2021-01-16,0.0,0.0,14825.0,0.1,49.54,-25.0,-7.0,-24.0,-39.0,-11.0,7.0
2021-01-17,41542.0,450.0,14825.0,0.1,49.54,-25.0,-9.0,-30.0,-44.0,-14.0,7.0
2021-01-18,0.0,0.0,14825.0,0.09,49.54,-25.0,-9.0,-25.0,-32.0,-13.0,7.0
2021-01-19,0.0,0.0,14825.0,0.09,49.54,-23.0,-8.0,-24.0,-33.0,-15.0,8.0
2021-01-20,0.0,0.0,14724.0,0.08,49.54,-21.0,-5.0,-18.0,-32.0,-14.0,7.0
2021-01-21,0.0,0.0,14724.0,0.08,49.54,-22.0,-6.0,-18.0,-32.0,-14.0,7.0
2021-01-22,0.0,0.0,14724.0,0.08,49.54,-27.0,-9.0,-29.0,-34.0,-14.0,9.0
2021-01-23,0.0,0.0,14724.0,0.07,49.54,-28.0,-11.0,-56.0,-42.0,-16.0,10.0
2021-01-24,36519.0,573.0,14724.0,0.07,49.54,-29.0,-13.0,-55.0,-47.0,-16.0,9.0
2021-01-25,0.0,0.0,14724.0,0.06,49.54,-20.0,-4.0,-18.0,-30.0,-13.0,7.0
2021-01-26,0.0,0.0,14724.0,0.07,49.54,-20.0,-5.0,-21.0,-31.0,-14.0,8.0
2021-01-27,0.0,0.0,14417.0,0.06,49.54,-22.0,-6.0,-24.0,-33.0,-14.0,8.0
2021-01-28,0.0,0.0,14417.0,0.06,49.54,-23.0,-7.0,-29.0,-33.0,-14.0,8.0
2021-01-29,0.0,0.0,14417.0,0.06,49.54,-26.0,-8.0,-30.0,-34.0,-13.0,9.0
2021-01-30,0.0,0.0,14417.0,0.06,49.54,-21.0,-3.0,-28.0,-37.0,-12.0,8.0
2021-01-31,24705.0,635.0,14417.0,0.05,49.54,-19.0,-3.0,-16.0,-38.0,-10.0,6.0
2021-02-01,0.0,0.0,14417.0,0.05,49.54,-23.0,-7.0,-27.0,-31.0,-12.0,7.0
2021-02-02,0.0,0.0,14417.0,0.05,49.54,-18.0,3.0,-25.0,-31.0,-13.0,8.0
2021-02-03,0.0,0.0,13489.0,0.05,49.54,-23.0,-8.0,-19.0,-32.0,-13.0,7.0
2021-02-04,0.0,0.0,13489.0,0.05,49.54,-23.0,-7.0,-24.0,-32.0,-14.0,8.0
2021-02-05,0.0,0.0,13489.0,0.05,49.54,-24.0,-5.0,-20.0,-33.0,-13.0,8.0
2021-02-06,0.0,0.0,13489.0,0.04,49.54,-20.0,-2.0,-14.0,-34.0,-12.0,7.0
2021-02-07,15472.0,684.0,13489.0,0.04,49.54,-20.0,-4.0,-10.0,-37.0,-12.0,6.0
2021-02-08,0.0,0.0,13489.0,0.04,49.54,-23.0,-8.0,-24.0,-30.0,-12.0,7.0
2021-02-09,0.0,0.0,13489.0,0.04,49.54,-18.0,-5.0,-19.0,-30.0,-13.0,7.0
2021-02-10,0.0,0.0,11325.0,0.04,49.54,-15.0,-1.0,-13.0,-28.0,-12.0,5.0
2021-02-11,0.0,0.0,11325.0,0.04,49.54,-2.0,-1.0,5.0,-48.0,-57.0,19.0
2021-02-12,0.0,0.0,11325.0,0.03,49.54,-21.0,-4.0,-18.0,-31.0,-14.0,8.0
2021-02-13,0.0,0.0,11325.0,0.03,49.54,-19.0,-2.0,-11.0,-32.0,-12.0,6.0
2021-02-14,10792.0,574.0,11325.0,0.03,49.54,-20.0,-4.0,-5.0,-33.0,-9.0,5.0
2021-02-15,0.0,0.0,11325.0,0.03,49.54,-25.0,-10.0,-41.0,-30.0,-13.0,7.0
2021-02-16,0.0,0.0,11325.0,0.03,49.54,-16.0,-1.0,-17.0,-28.0,-13.0,7.0
2021-02-17,0.0,0.0,9575.0,0.03,49.54,-21.0,-6.0,-28.0,-30.0,-13.0,7.0
2021-02-18,0.0,0.0,9575.0,0.03,49.54,-21.0,-6.0,-29.0,-30.0,-14.0,7.0
2021-02-19,0.0,0.0,9575.0,0.03,49.54,-20.0,-3.0,-21.0,-29.0,-12.0,7.0
2021-02-20,0.0,0.0,9575.0,0.03,49.54,-16.0,2.0,-11.0,-28.0,-10.0,5.0
2021-02-21,9815.0,505.0,9575.0,0.02,49.54,-16.0,-1.0,6.0,-28.0,-10.0,4.0
2021-02-22,0.0,0.0,9575.0,0.02,49.54,-11.0,0.0,-6.0,-25.0,-14.0,5.0
2021-02-23,0.0,0.0,9575.0,0.03,49.54,1.0,1.0,11.0,-47.0,-57.0,19.0
2021-02-24,0.0,0.0,8032.0,0.03,49.54,-18.0,-3.0,-17.0,-26.0,-11.0,5.0
2021-02-25,0.0,0.0,8032.0,0.02,49.54,-15.0,1.0,-15.0,-25.0,-11.0,5.0
2021-02-26,0.0,0.0,8032.0,0.02,49.54,-21.0,-4.0,-33.0,-28.0,-12.0,7.0
2021-02-27,0.0,0.0,8032.0,0.02,50.93,-15.0,1.0,-22.0,-29.0,-9.0,6.0
2021-02-28,7176.0,443.0,8032.0,0.02,50.93,-12.0,2.0,-5.0,-27.0,-6.0,4.0
2021-03-01,0.0,0.0,8032.0,0.02,48.15,-15.0,-1.0,-14.0,-25.0,-10.0,5.0
2021-03-02,0.0,0.0,8032.0,0.02,48.15,-21.0,-10.0,-39.0,-30.0,-13.0,8.0
2021-03-03,0.0,0.0,6683.0,0.02,48.15,-12.0,2.0,-13.0,-26.0,-12.0,5.0
2021-03-04,0.0,0.0,6683.0,0.02,48.15,-15.0,-3.0,-15.0,-26.0,-12.0,6.0
2021-03-05,0.0,0.0,6683.0,0.02,48.15,-19.0,-5.0,-27.0,-28.0,-12.0,8.0
2021-03-06,0.0,0.0,6683.0,0.02,45.37,-13.0,0.0,-16.0,-27.0,-11.0,6.0
2021-03-07,7219.0,367.0,6683.0,0.02,45.37,-13.0,-2.0,-15.0,-29.0,-9.0,4.0
2021-03-08,0.0,0.0,6683.0,0.02,45.37,-16.0,-6.0,-29.0,-25.0,-12.0,6.0
2021-03-09,0.0,0.0,6683.0,0.02,45.37,-10.0,0.0,-9.0,-25.0,-12.0,6.0
2021-03-10,0.0,0.0,5947.0,0.02,45.37,-10.0,0.0,-7.0,-24.0,-12.0,5.0
2021-03-11,0.0,0.0,5947.0,0.02,45.37,-10.0,0.0,-6.0,-24.0,-12.0,5.0
2021-03-12,0.0,0.0,5947.0,0.02,45.37,-15.0,-4.0,-24.0,-26.0,-13.0,7.0
2021-03-13,0.0,0.0,5947.0,0.02,42.59,-16.0,-7.0,-43.0,-30.0,-15.0,7.0
2021-03-14,7914.0,333.0,5947.0,0.02,42.59,-7.0,3.0,0.0,-20.0,-8.0,3.0
2021-03-15,0.0,0.0,5947.0,0.03,42.59,-10.0,0.0,-6.0,-22.0,-11.0,5.0
2021-03-16,0.0,0.0,5947.0,0.03,42.59,-10.0,0.0,-9.0,-23.0,-12.0,6.0
2021-03-17,0.0,0.0,5895.0,0.02,42.59,-10.0,0.0,-2.0,-23.0,-12.0,5.0
2021-03-18,0.0,0.0,5895.0,0.02,42.59,-9.0,1.0,-3.0,-22.0,-12.0,5.0
2021-03-19,0.0,0.0,5895.0,0.02,42.59,-9.0,1.0,-2.0,-23.0,-14.0,6.0
2021-03-20,0.0,0.0,5895.0,0.02,42.59,-7.0,4.0,-4.0,-21.0,-27.0,5.0
2021-03-21,8875.0,252.0,5895.0,0.03,42.59,-22.0,-14.0,-51.0,-33.0,-12.0,6.0
2021-03-22,0.0,0.0,5895.0,0.03,42.59,-11.0,-2.0,-13.0,-21.0,-12.0,5.0
2021-03-23,0.0,0.0,5895.0,0.03,42.59,-5.0,2.0,9.0,-20.0,-12.0,5.0
2021-03-24,0.0,0.0,6275.0,0.03,42.59,-6.0,1.0,14.0,-20.0,-12.0,4.0
2021-03-25,0.0,0.0,6275.0,0.03,42.59,-6.0,3.0,-5.0,-21.0,-13.0,5.0
2021-03-26,0.0,0.0,6275.0,0.03,42.59,-8.0,1.0,13.0,-20.0,-14.0,5.0
2021-03-27,0.0,0.0,6275.0,0.03,42.59,-6.0,6.0,33.0,-12.0,-12.0,2.0
2021-03-28,11833.0,219.0,6275.0,0.03,42.59,-14.0,-4.0,-27.0,-24.0,-9.0,4.0
2021-03-29,0.0,0.0,6275.0,0.03,42.59,-5.0,1.0,17.0,-19.0,-14.0,4.0
2021-03-30,0.0,0.0,6275.0,0.04,42.59,-1.0,3.0,20.0,-19.0,-14.0,5.0
2021-03-31,0.0,0.0,7263.0,0.04,42.59,-3.0,3.0,23.0,-18.0,-12.0,4.0
2021-04-01,0.0,0.0,7263.0,0.04,42.59,-8.0,2.0,13.0,-19.0,-13.0,4.0
2021-04-02,0.0,0.0,7263.0,0.04,42.59,-13.0,-1.0,8.0,-22.0,-14.0,6.0
2021-04-03,0.0,0.0,7263.0,0.04,42.59,-9.0,4.0,19.0,-17.0,-13.0,4.0
2021-04-04,16711.0,190.0,7263.0,0.05,42.59,-15.0,-5.0,-24.0,-26.0,-12.0,5.0
2021-04-05,0.0,0.0,7263.0,0.05,42.59,-12.0,-2.0,-18.0,-22.0,-14.0,5.0
2021-04-06,0.0,0.0,7263.0,0.05,42.59,-8.0,1.0,1.0,-21.0,-15.0,5.0
2021-04-07,0.0,0.0,8602.0,0.05,42.59,-10.0,1.0,5.0,-21.0,-15.0,5.0
2021-04-08,0.0,0.0,8602.0,0.05,42.59,-12.0,0.0,-5.0,-21.0,-14.0,5.0
2021-04-09,0.0,0.0,8602.0,0.05,45.37,-16.0,-2.0,-10.0,-22.0,-14.0,6.0
2021-04-10,0.0,0.0,8602.0,0.06,45.37,-11.0,4.0,4.0,-22.0,-15.0,5.0
2021-04-11,20961.0,161.0,8602.0,0.06,45.37,-11.0,3.0,20.0,-21.0,-10.0,3.0
2021-04-12,0.0,0.0,8602.0,0.06,45.37,-15.0,-2.0,-7.0,-20.0,-12.0,5.0
2021-04-13,0.0,0.0,8602.0,0.06,45.37,-16.0,-3.0,-24.0,-21.0,-14.0,6.0
2021-04-14,0.0,0.0,9423.0,0.06,45.37,-17.0,-4.0,-21.0,-22.0,-14.0,6.0
2021-04-15,0.0,0.0,9423.0,0.06,45.37,-9.0,7.0,-3.0,-19.0,-12.0,4.0
2021-04-16,0.0,0.0,9423.0,0.06,45.37,-15.0,1.0,-12.0,-22.0,-13.0,6.0
2021-04-17,0.0,0.0,9423.0,0.06,45.37,-18.0,-5.0,-41.0,-30.0,-15.0,7.0
2021-04-18,27766.0,240.0,9423.0,0.06,45.37,-11.0,2.0,-1.0,-24.0,-11.0,4.0
2021-04-19,0.0,0.0,9423.0,0.06,45.37,-14.0,-1.0,-4.0,-19.0,-11.0,5.0
2021-04-20,0.0,0.0,9423.0,0.06,45.37,-9.0,5.0,5.0,-19.0,-12.0,5.0
2021-04-21,0.0,0.0,11279.0,0.06,45.37,-12.0,2.0,4.0,-20.0,-12.0,5.0
2021-04-22,0.0,0.0,11279.0,0.06,45.37,-13.0,2.0,-3.0,-21.0,-12.0,5.0
2021-04-23,0.0,0.0,11279.0,0.06,45.37,-14.0,2.0,-4.0,-21.0,-12.0,6.0
2021-04-24,0.0,0.0,11279.0,0.06,45.37,-10.0,5.0,6.0,-21.0,-12.0,4.0
2021-04-25,32811.0,291.0,11279.0,0.06,49.07,-15.0,3.0,5.0,-29.0,-11.0,4.0
2021-04-26,0.0,0.0,11279.0,0.06,49.07,-16.0,1.0,-7.0,-21.0,-11.0,5.0
2021-04-27,0.0,0.0,11279.0,0.06,49.07,-12.0,4.0,2.0,-22.0,-12.0,5.0
2021-04-28,0.0,0.0,13089.0,0.07,49.07,-13.0,3.0,-13.0,-21.0,-12.0,5.0
2021-04-29,0.0,0.0,13089.0,0.07,49.07,-11.0,-7.0,-41.0,-52.0,-60.0,22.0
2021-04-30,0.0,0.0,13089.0,0.07,49.07,-10.0,11.0,-1.0,-28.0,-24.0,9.0
2021-05-01,0.0,0.0,13089.0,0.07,49.07,-20.0,1.0,-11.0,-29.0,-18.0,7.0
2021-05-02,35999.0,448.0,13089.0,0.07,49.07,-16.0,0.0,-4.0,-27.0,-16.0,5.0
2021-05-03,0.0,0.0,13089.0,0.08,49.07,10.0,8.0,62.0,-38.0,-69.0,19.0
2021-05-04,0.0,0.0,13089.0,0.09,49.07,11.0,11.0,76.0,-39.0,-70.0,20.0
2021-05-05,0.0,0.0,14927.0,0.09,49.07,-8.0,-3.0,-18.0,-52.0,-69.0,23.0
2021-05-06,0.0,0.0,14927.0,0.08,49.07,-15.0,6.0,-2.0,-25.0,-17.0,7.0
2021-05-07,0.0,0.0,14927.0,0.08,49.07,-23.0,-2.0,-18.0,-30.0,-17.0,9.0
2021-05-08,0.0,0.0,14927.0,0.08,49.07,-21.0,2.0,-2.0,-32.0,-9.0,7.0
2021-05-09,37182.0,515.0,14927.0,0.08,49.07,-18.0,2.0,3.0,-33.0,-11.0,6.0
2021-05-10,0.0,0.0,14927.0,0.07,49.07,-18.0,2.0,-8.0,-24.0,-12.0,6.0
2021-05-11,0.0,0.0,14927.0,0.06,49.07,-17.0,3.0,-5.0,-24.0,-13.0,7.0
2021-05-12,0.0,0.0,16620.0,0.07,49.07,-20.0,1.0,-11.0,-25.0,-14.0,6.0
2021-05-13,0.0,0.0,16620.0,0.07,49.07,-21.0,0.0,-21.0,-26.0,-14.0,7.0
2021-05-14,0.0,0.0,16620.0,0.07,49.07,-21.0,3.0,-5.0,-26.0,-13.0,7.0
2021-05-15,0.0,0.0,16620.0,0.07,49.07,-19.0,6.0,-6.0,-30.0,-13.0,7.0
2021-05-16,43131.0,632.0,16620.0,0.07,49.07,-23.0,-1.0,-30.0,-38.0,-13.0,7.0
2021-05-17,0.0,0.0,16620.0,0.07,49.07,-23.0,-2.0,-29.0,-25.0,-12.0,7.0
2021-05-18,0.0,0.0,16620.0,0.07,49.07,-18.0,2.0,-15.0,-25.0,-12.0,7.0
2021-05-19,0.0,0.0,17372.0,0.06,49.07,-21.0,0.0,-23.0,-26.0,-13.0,7.0
2021-05-20,0.0,0.0,17372.0,0.06,49.07,-21.0,1.0,-24.0,-28.0,-13.0,8.0
2021-05-21,0.0,0.0,17372.0,0.06,49.07,-26.0,-3.0,-34.0,-31.0,-13.0,10.0
2021-05-22,0.0,0.0,17372.0,0.06,49.07,-19.0,5.0,-16.0,-34.0,-13.0,8.0
2021-05-23,35689.0,804.0,17372.0,0.05,49.07,-18.0,4.0,7.0,-33.0,-10.0,5.0
2021-05-24,0.0,0.0,17372.0,0.05,49.07,-21.0,-1.0,-17.0,-26.0,-11.0,7.0
2021-05-25,0.0,0.0,17372.0,0.05,49.07,-13.0,9.0,-2.0,-24.0,-11.0,6.0
2021-05-26,0.0,0.0,16581.0,0.06,49.07,-15.0,7.0,4.0,-25.0,-11.0,6.0
2021-05-27,0.0,0.0,16581.0,0.05,49.07,-24.0,-4.0,-36.0,-29.0,-12.0,8.0
2021-05-28,0.0,0.0,16581.0,0.05,49.07,-18.0,6.0,-6.0,-27.0,-10.0,7.0
2021-05-29,0.0,0.0,16581.0,0.05,49.07,-16.0,8.0,-1.0,-30.0,-10.0,6.0
2021-05-30,25623.0,655.0,16581.0,0.04,49.07,-15.0,6.0,6.0,-31.0,-8.0,5.0
2021-05-31,0.0,0.0,16581.0,0.04,49.07,-15.0,5.0,-4.0,-24.0,-7.0,6.0
2021-06-01,0.0,0.0,16581.0,0.04,49.07,-13.0,7.0,1.0,-24.0,-8.0,6.0
2021-06-02,0.0,0.0,14475.0,0.04,49.07,-15.0,5.0,1.0,-25.0,-9.0,6.0
2021-06-03,0.0,0.0,14475.0,0.03,49.07,-17.0,4.0,-10.0,-25.0,-9.0,7.0
2021-06-04,0.0,0.0,14475.0,0.03,49.07,-28.0,-7.0,-41.0,-30.0,-11.0,10.0
2021-06-05,0.0,0.0,14475.0,0.03,49.07,-14.0,10.0,0.0,-29.0,-11.0,6.0
2021-06-06,17914.0,607.0,14475.0,0.03,49.07,-16.0,4.0,-4.0,-31.0,-9.0,5.0
2021-06-07,0.0,0.0,14475.0,0.03,55.09,-16.0,4.0,-5.0,-24.0,-8.0,6.0
2021-06-08,0.0,0.0,14475.0,0.03,55.09,-14.0,6.0,-2.0,-24.0,-9.0,6.0
2021-06-09,0.0,0.0,11888.0,0.03,55.09,-15.0,5.0,1.0,-24.0,-9.0,6.0
2021-06-10,0.0,0.0,11888.0,0.03,55.09,-14.0,8.0,-3.0,-24.0,-9.0,6.0
2021-06-11,0.0,0.0,11888.0,0.03,55.09,-17.0,5.0,-6.0,-26.0,-10.0,7.0
2021-06-12,0.0,0.0,11888.0,0.03,55.09,-14.0,7.0,-5.0,-28.0,-14.0,6.0
2021-06-13,12830.0,497.0,11888.0,0.03,55.09,-14.0,5.0,-6.0,-30.0,-10.0,5.0
2021-06-14,0.0,0.0,11888.0,0.03,55.09,-17.0,1.0,-17.0,-24.0,-9.0,6.0
2021-06-15,0.0,0.0,11888.0,0.03,55.09,-10.0,10.0,-6.0,-22.0,-9.0,6.0
2021-06-16,0.0,0.0,9202.0,0.03,55.09,-16.0,3.0,-21.0,-24.0,-10.0,6.0
2021-06-17,0.0,0.0,9202.0,0.02,55.09,-13.0,6.0,-6.0,-24.0,-9.0,6.0
2021-06-18,0.0,0.0,9202.0,0.03,55.09,-17.0,3.0,-11.0,-25.0,-10.0,7.0
2021-06-19,0.0,0.0,9202.0,0.03,55.09,-17.0,1.0,-39.0,-32.0,-13.0,8.0
2021-06-20,10056.0,352.0,9202.0,0.02,55.09,-10.0,9.0,0.0,-26.0,-9.0,4.0
2021-06-21,0.0,0.0,9202.0,0.02,53.24,-13.0,2.0,-5.0,-21.0,-8.0,5.0
2021-06-22,0.0,0.0,9202.0,0.03,53.24,-10.0,5.0,-2.0,-22.0,-9.0,6.0
2021-06-23,0.0,0.0,7337.0,0.03,53.24,-13.0,3.0,-6.0,-23.0,-9.0,5.0
2021-06-24,0.0,0.0,7337.0,0.03,53.24,-13.0,4.0,-7.0,-22.0,-9.0,5.0
2021-06-25,0.0,0.0,7337.0,0.03,53.24,-13.0,6.0,-7.0,-22.0,-9.0,6.0
2021-06-26,0.0,0.0,7337.0,0.03,53.24,-10.0,9.0,-3.0,-22.0,-13.0,5.0
2021-06-27,10469.0,246.0,7337.0,0.03,53.24,-12.0,4.0,-10.0,-27.0,-9.0,4.0
2021-06-28,0.0,0.0,7337.0,0.03,53.24,-12.0,4.0,-9.0,-20.0,-8.0,5.0
2021-06-29,0.0,0.0,7337.0,0.03,53.24,-11.0,3.0,-13.0,-22.0,-9.0,6.0
2021-06-30,0.0,0.0,6431.0,0.03,53.24,-13.0,4.0,-12.0,-23.0,-10.0,3.0
2021-07-01,0.0,0.0,6431.0,0.02,53.24,-16.0,1.0,-27.0,-22.0,-9.0,6.0
2021-07-02,0.0,0.0,6431.0,0.03,53.24,-20.0,-1.0,-30.0,-24.0,-10.0,8.0
2021-07-03,0.0,0.0,6431.0,0.03,53.24,-12.0,7.0,-21.0,-27.0,-10.0,6.0
2021-07-04,11078.0,179.0,6431.0,0.03,53.24,-13.0,2.0,-30.0,-29.0,-10.0,5.0
2021-07-05,0.0,0.0,6431.0,0.03,53.24,-14.0,3.0,-20.0,-20.0,-8.0,6.0
2021-07-06,0.0,0.0,6431.0,0.03,53.24,-10.0,6.0,-9.0,-20.0,-9.0,6.0
2021-07-07,0.0,0.0,5888.0,0.03,53.24,-14.0,3.0,-17.0,-22.0,-10.0,6.0
2021-07-08,0.0,0.0,5888.0,0.03,50.46,-16.0,1.0,-26.0,-23.0,-10.0,7.0
2021-07-09,0.0,0.0,5888.0,0.03,50.46,-17.0,2.0,-25.0,-23.0,-10.0,7.0
2021-07-10,0.0,0.0,5888.0,0.04,50.46,-10.0,9.0,-14.0,-24.0,-13.0,6.0
2021-07-11,13881.0,107.0,5888.0,0.04,50.46,-10.0,5.0,-10.0,-25.0,-8.0,4.0
2021-07-12,0.0,0.0,5888.0,0.04,50.46,-13.0,3.0,-15.0,-20.0,-9.0,6.0
2021-07-13,0.0,0.0,5888.0,0.03,50.46,-10.0,7.0,-7.0,-20.0,-10.0,6.0
2021-07-14,0.0,0.0,6564.0,0.04,50.46,-12.0,4.0,-8.0,-21.0,-10.0,5.0
2021-07-15,0.0,0.0,6564.0,0.04,50.46,-9.0,9.0,-10.0,-20.0,-10.0,5.0
2021-07-16,0.0,0.0,6564.0,0.04,50.46,-13.0,6.0,-9.0,-22.0,-10.0,6.0
2021-07-17,0.0,0.0,6564.0,0.04,50.46,-11.0,8.0,-5.0,-22.0,-10.0,4.0
2021-07-18,20822.0,93.0,6564.0,0.05,50.46,-11.0,6.0,-2.0,-23.0,-9.0,4.0
2021-07-19,0.0,0.0,6564.0,0.05,50.46,-12.0,4.0,-10.0,-21.0,-9.0,5.0
2021-07-20,0.0,0.0,6564.0,0.06,50.46,-6.0,10.0,-5.0,-20.0,-9.0,5.0
2021-07-21,0.0,0.0,8174.0,0.06,50.46,-4.0,11.0,-2.0,-17.0,-10.0,4.0
2021-07-22,0.0,0.0,8174.0,0.07,50.46,9.0,13.0,22.0,-35.0,-56.0,15.0
2021-07-23,0.0,0.0,8174.0,0.08,50.46,-1.0,9.0,25.0,-40.0,-59.0,19.0
2021-07-24,0.0,0.0,8174.0,0.08,50.46,-14.0,6.0,-3.0,-23.0,-20.0,6.0
2021-07-25,28908.0,81.0,8174.0,0.09,50.46,-16.0,5.0,-4.0,-23.0,-10.0,4.0
2021-07-26,0.0,0.0,8174.0,0.09,50.46,-11.0,7.0,-6.0,-20.0,-11.0,5.0
2021-07-27,0.0,0.0,8174.0,0.09,50.46,-11.0,5.0,-12.0,-25.0,-13.0,7.0
2021-07-28,0.0,0.0,10649.0,0.1,50.46,-11.0,7.0,-6.0,-23.0,-12.0,6.0
2021-07-29,0.0,0.0,10649.0,0.1,50.46,-11.0,6.0,-8.0,-24.0,-13.0,6.0
2021-07-30,0.0,0.0,10649.0,0.1,50.46,-14.0,6.0,-11.0,-25.0,-13.0,7.0
2021-07-31,0.0,0.0,10649.0,0.11,50.46,-15.0,7.0,-13.0,-27.0,-9.0,6.0
2021-08-01,65441.0,68.0,10649.0,0.12,50.46,-15.0,6.0,-11.0,-29.0,-8.0,5.0
2021-08-02,0.0,0.0,10649.0,0.12,50.46,-12.0,6.0,-11.0,-23.0,-12.0,6.0
2021-08-03,0.0,0.0,10649.0,0.13,50.46,-10.0,7.0,-8.0,-25.0,-14.0,7.0
2021-08-04,0.0,0.0,15026.0,0.13,50.46,-12.0,7.0,-6.0,-25.0,-14.0,6.0
2021-08-05,0.0,0.0,15026.0,0.14,50.46,-12.0,9.0,-9.0,-26.0,-15.0,7.0
2021-08-06,0.0,0.0,15026.0,0.14,50.46,-15.0,7.0,-8.0,-27.0,-15.0,8.0
2021-08-07,0.0,0.0,15026.0,0.15,50.46,-18.0,6.0,-19.0,-28.0,-11.0,6.0
2021-08-08,95410.0,83.0,15026.0,0.15,50.46,-19.0,0.0,-23.0,-32.0,-13.0,6.0
2021-08-09,0.0,0.0,15026.0,0.18,50.46,-2.0,3.0,-13.0,-48.0,-62.0,21.0
2021-08-10,0.0,0.0,15026.0,0.17,50.46,-1.0,15.0,2.0,-27.0,-26.0,9.0
2021-08-11,0.0,0.0,18706.0,0.16,50.46,-2.0,13.0,9.0,-28.0,-30.0,10.0
2021-08-12,0.0,0.0,18706.0,0.17,50.46,-2.0,12.0,-12.0,-34.0,-41.0,14.0
2021-08-13,0.0,0.0,18706.0,0.17,50.46,-10.0,6.0,-31.0,-41.0,-55.0,21.0
2021-08-14,0.0,0.0,18706.0,0.17,50.46,-25.0,-3.0,-46.0,-41.0,-43.0,13.0
2021-08-15,113250.0,128.0,18706.0,0.17,50.46,-22.0,1.0,-32.0,-35.0,-20.0,7.0
2021-08-16,0.0,0.0,18706.0,0.16,50.46,-9.0,7.0,-21.0,-31.0,-33.0,13.0
2021-08-17,0.0,0.0,18706.0,0.17,50.46,-16.0,3.0,-27.0,-30.0,-19.0,10.0
2021-08-18,0.0,0.0,21434.0,0.18,50.46,-17.0,6.0,-19.0,-30.0,-16.0,9.0
2021-08-19,0.0,0.0,21434.0,0.17,50.46,-17.0,5.0,-16.0,-30.0,-15.0,8.0
2021-08-20,0.0,0.0,21434.0,0.2,50.46,-20.0,7.0,-15.0,-31.0,-15.0,10.0
2021-08-21,0.0,0.0,21434.0,0.19,52.31,-21.0,6.0,-18.0,-33.0,-11.0,8.0
2021-08-22,155807.0,223.0,21434.0,0.2,52.31,-22.0,3.0,-19.0,-35.0,-10.0,7.0
2021-08-23,0.0,0.0,21434.0,0.2,52.31,-17.0,4.0,-14.0,-28.0,-14.0,8.0
2021-08-24,0.0,0.0,21434.0,0.19,52.31,-14.0,7.0,-8.0,-28.0,-15.0,8.0
2021-08-25,0.0,0.0,24126.0,0.19,52.31,-15.0,9.0,-12.0,-28.0,-15.0,8.0
2021-08-26,0.0,0.0,24126.0,0.21,52.31,-16.0,8.0,-13.0,-29.0,-15.0,8.0
2021-08-27,0.0,0.0,24126.0,0.17,52.31,-20.0,6.0,-14.0,-31.0,-15.0,10.0
2021-08-28,0.0,0.0,24126.0,0.17,52.31,-19.0,8.0,-17.0,-32.0,-14.0,8.0
2021-08-29,154011.0,315.0,24126.0,0.17,52.31,-20.0,6.0,-12.0,-33.0,-10.0,6.0
2021-08-30,0.0,0.0,24126.0,0.16,52.31,-16.0,6.0,-15.0,-28.0,-13.0,8.0
2021-08-31,0.0,0.0,24126.0,0.16,52.31,-14.0,8.0,-13.0,-28.0,-12.0,8.0
2021-09-01,0.0,0.0,24320.0,0.16,52.31,-19.0,6.0,-18.0,-28.0,-12.0,8.0
2021-09-02,0.0,0.0,24320.0,0.15,52.31,-22.0,0.0,-34.0,-30.0,-14.0,9.0
2021-09-03,0.0,0.0,24320.0,0.14,52.31,-24.0,1.0,-32.0,-31.0,-14.0,11.0
2021-09-04,0.0,0.0,24320.0,0.14,52.31,-20.0,4.0,-35.0,-35.0,-13.0,9.0
2021-09-05,117008.0,408.0,24320.0,0.13,52.31,-17.0,7.0,-12.0,-33.0,-10.0,7.0
2021-09-06,0.0,0.0,24320.0,0.13,52.31,-18.0,3.0,-16.0,-27.0,-12.0,8.0
2021-09-07,0.0,0.0,24320.0,0.12,52.31,-14.0,7.0,-3.0,-26.0,-13.0,8.0
2021-09-08,0.0,0.0,22557.0,0.11,52.31,-18.0,3.0,-17.0,-28.0,-13.0,8.0
2021-09-09,0.0,0.0,22557.0,0.1,52.31,-18.0,3.0,-22.0,-28.0,-13.0,8.0
2021-09-10,0.0,0.0,22557.0,0.1,52.31,-18.0,7.0,-8.0,-28.0,-13.0,9.0
2021-09-11,0.0,0.0,22557.0,0.09,52.31,-16.0,7.0,-16.0,-31.0,-15.0,8.0
2021-09-12,68173.0,443.0,22557.0,0.09,52.31,-17.0,4.0,-15.0,-32.0,-10.0,6.0
2021-09-13,0.0,0.0,22557.0,0.08,50.46,-16.0,4.0,-10.0,-25.0,-12.0,7.0
2021-09-14,0.0,0.0,22557.0,0.08,50.46,-16.0,3.0,-17.0,-25.0,-13.0,8.0
2021-09-15,0.0,0.0,17481.0,0.07,50.46,-13.0,9.0,-6.0,-25.0,-12.0,7.0
2021-09-16,0.0,0.0,17481.0,0.07,50.46,-14.0,9.0,-6.0,-25.0,-12.0,7.0
2021-09-17,0.0,0.0,17481.0,0.06,50.46,-21.0,4.0,-21.0,-28.0,-14.0,10.0
2021-09-18,0.0,0.0,17481.0,0.06,50.46,-22.0,-1.0,-39.0,-35.0,-14.0,9.0
2021-09-19,37166.0,407.0,17481.0,0.05,50.46,-9.0,9.0,18.0,-18.0,-10.0,3.0
2021-09-20,0.0,0.0,17481.0,0.06,52.31,8.0,12.0,40.0,-39.0,-61.0,17.0
2021-09-21,0.0,0.0,17481.0,0.05,52.31,-12.0,9.0,3.0,-22.0,-11.0,6.0
2021-09-22,0.0,0.0,12792.0,0.05,52.31,-13.0,6.0,-6.0,-23.0,-10.0,5.0
2021-09-23,0.0,0.0,12792.0,0.05,52.31,2.0,10.0,26.0,-42.0,-57.0,18.0
2021-09-24,0.0,0.0,12792.0,0.04,52.31,-15.0,8.0,-2.0,-25.0,-14.0,8.0
2021-09-25,0.0,0.0,12792.0,0.04,52.31,-16.0,8.0,-3.0,-25.0,-9.0,6.0
2021-09-26,17964.0,278.0,12792.0,0.04,52.31,-16.0,4.0,-13.0,-28.0,-9.0,5.0
2021-09-27,0.0,0.0,12792.0,0.03,50.46,-13.0,5.0,-4.0,-22.0,-11.0,6.0
2021-09-28,0.0,0.0,12792.0,0.03,50.46,-10.0,8.0,0.0,-22.0,-11.0,6.0
2021-09-29,0.0,0.0,7467.0,0.03,50.46,-13.0,7.0,-1.0,-24.0,-11.0,6.0
2021-09-30,0.0,0.0,7467.0,0.03,50.46,-12.0,11.0,-12.0,-23.0,-10.0,6.0
2021-10-01,0.0,0.0,7467.0,0.03,47.22,-24.0,-5.0,-27.0,-30.0,-13.0,10.0
2021-10-02,0.0,0.0,7467.0,0.02,47.22,-10.0,9.0,1.0,-21.0,-9.0,5.0
2021-10-03,10371.0,248.0,7467.0,0.02,47.22,-10.0,7.0,13.0,-20.0,-7.0,4.0
2021-10-04,0.0,0.0,7467.0,0.02,47.22,-12.0,4.0,-3.0,-19.0,-9.0,5.0
2021-10-05,0.0,0.0,7467.0,0.02,47.22,-8.0,8.0,2.0,-19.0,-10.0,5.0
2021-10-06,0.0,0.0,4673.0,0.02,47.22,-10.0,6.0,2.0,-20.0,-10.0,5.0
2021-10-07,0.0,0.0,4673.0,0.02,47.22,-11.0,5.0,-2.0,-20.0,-10.0,5.0
2021-10-08,0.0,0.0,4673.0,0.02,47.22,-13.0,5.0,-1.0,-20.0,-11.0,6.0
2021-10-09,0.0,0.0,4673.0,0.02,47.22,-9.0,8.0,4.0,-18.0,-13.0,5.0
2021-10-10,5927.0,211.0,4673.0,0.01,47.22,-9.0,7.0,11.0,-17.0,-8.0,3.0
2021-10-11,0.0,0.0,4673.0,0.01,47.22,-11.0,4.0,-3.0,-19.0,-11.0,6.0
2021-10-12,0.0,0.0,4673.0,0.01,47.22,-10.0,5.0,-9.0,-19.0,-10.0,6.0
2021-10-13,0.0,0.0,2908.0,0.01,47.22,-13.0,1.0,-16.0,-20.0,-10.0,6.0
2021-10-14,0.0,0.0,2908.0,0.01,47.22,-9.0,6.0,3.0,-19.0,-10.0,5.0
2021-10-15,0.0,0.0,2908.0,0.01,47.22,-8.0,9.0,2.0,-18.0,-11.0,5.0
2021-10-16,0.0,0.0,2908.0,0.01,47.22,-8.0,7.0,-6.0,-18.0,-10.0,4.0
2021-10-17,3747.0,162.0,2908.0,0.01,47.22,-10.0,3.0,-20.0,-23.0,-9.0,4.0
2021-10-18,0.0,0.0,2908.0,0.01,47.22,-8.0,4.0,0.0,-18.0,-9.0,5.0
2021-10-19,0.0,0.0,2908.0,0.01,47.22,-7.0,4.0,-7.0,-18.0,-10.0,6.0
2021-10-20,0.0,0.0,1939.0,0.01,47.22,-6.0,7.0,-2.0,-18.0,-9.0,5.0
2021-10-21,0.0,0.0,1939.0,0.01,47.22,-6.0,6.0,-3.0,-18.0,-9.0,5.0
2021-10-22,0.0,0.0,1939.0,0.01,47.22,-12.0,2.0,-15.0,-19.0,-11.0,6.0
2021-10-23,0.0,0.0,1939.0,0.01,47.22,-4.0,9.0,3.0,-14.0,-12.0,4.0
2021-10-24,2218.0,96.0,1939.0,0.01,47.22,-4.0,8.0,19.0,-13.0,-7.0,2.0
2021-10-25,0.0,0.0,1939.0,0.01,47.22,-7.0,4.0,-14.0,-16.0,-9.0,5.0
2021-10-26,0.0,0.0,1939.0,0.01,47.22,-2.0,8.0,-1.0,-16.0,-9.0,5.0
2021-10-27,0.0,0.0,1265.0,0.01,47.22,-5.0,6.0,1.0,-16.0,-8.0,4.0
2021-10-28,0.0,0.0,1265.0,0.01,47.22,-3.0,7.0,3.0,-16.0,-8.0,4.0
2021-10-29,0.0,0.0,1265.0,0.01,47.22,-6.0,6.0,1.0,-16.0,-9.0,5.0
2021-10-30,0.0,0.0,1265.0,0.01,47.22,-1.0,11.0,12.0,-11.0,-8.0,3.0
2021-10-31,5926.0,69.0,1265.0,0.01,47.22,-1.0,10.0,4.0,-15.0,-6.0,2.0
2021-11-01,0.0,0.0,1265.0,0.01,47.22,-8.0,4.0,0.0,-16.0,-7.0,4.0
2021-11-02,0.0,0.0,1265.0,0.0,47.22,1.0,8.0,6.0,-14.0,-7.0,4.0
2021-11-03,0.0,0.0,964.0,0.01,47.22,14.0,10.0,51.0,-33.0,-56.0,16.0
2021-11-04,0.0,0.0,964.0,0.0,47.22,-7.0,6.0,4.0,-15.0,-7.0,4.0
2021-11-05,0.0,0.0,964.0,0.0,47.22,-9.0,5.0,4.0,-16.0,-8.0,5.0
2021-11-06,0.0,0.0,964.0,0.0,47.22,-6.0,7.0,10.0,-12.0,-7.0,3.0
2021-11-07,1336.0,42.0,964.0,0.0,47.22,-7.0,6.0,18.0,-13.0,-8.0,3.0
2021-11-08,0.0,0.0,964.0,0.0,47.22,-9.0,3.0,-5.0,-16.0,-7.0,5.0
2021-11-09,0.0,0.0,964.0,0.0,47.22,-10.0,0.0,-22.0,-17.0,-9.0,6.0
2021-11-10,0.0,0.0,755.0,0.0,47.22,-4.0,7.0,-3.0,-15.0,-8.0,4.0
2021-11-11,0.0,0.0,755.0,0.0,47.22,-5.0,6.0,-3.0,-15.0,-8.0,4.0
2021-11-12,0.0,0.0,755.0,0.0,47.22,-7.0,4.0,-4.0,-16.0,-8.0,5.0
2021-11-13,0.0,0.0,755.0,0.0,47.22,-3.0,8.0,7.0,-11.0,-12.0,3.0
2021-11-14,1266.0,17.0,755.0,0.0,47.22,-5.0,6.0,16.0,-11.0,-8.0,2.0
2021-11-15,0.0,0.0,755.0,0.0,47.22,-5.0,5.0,2.0,-14.0,-7.0,4.0
2021-11-16,0.0,0.0,755.0,0.0,47.22,-3.0,7.0,6.0,-14.0,-7.0,4.0
2021-11-17,0.0,0.0,626.0,0.0,47.22,-4.0,5.0,8.0,-14.0,-8.0,4.0
2021-11-18,0.0,0.0,626.0,0.0,47.22,-5.0,6.0,2.0,-14.0,-8.0,4.0
2021-11-19,0.0,0.0,626.0,0.0,47.22,-5.0,5.0,5.0,-13.0,-7.0,4.0
2021-11-20,0.0,0.0,626.0,0.0,47.22,-1.0,10.0,11.0,-7.0,-8.0,2.0
2021-11-21,1008.0,20.0,626.0,0.0,47.22,-4.0,5.0,13.0,-8.0,-8.0,2.0
2021-11-22,0.0,0.0,626.0,0.0,47.22,-3.0,-1.0,-27.0,-16.0,-13.0,6.0
2021-11-23,0.0,0.0,626.0,0.0,47.22,19.0,11.0,28.0,-33.0,-57.0,17.0
2021-11-24,0.0,0.0,529.0,0.0,47.22,-6.0,5.0,-4.0,-14.0,-6.0,3.0
2021-11-25,0.0,0.0,529.0,0.0,47.22,-3.0,8.0,-2.0,-13.0,-7.0,4.0
2021-11-26,0.0,0.0,529.0,0.0,47.22,-5.0,6.0,-2.0,-14.0,-7.0,4.0
2021-11-27,0.0,0.0,529.0,0.0,47.22,-3.0,7.0,-7.0,-12.0,-8.0,4.0
2021-11-28,669.0,11.0,529.0,0.0,47.22,-3.0,8.0,5.0,-12.0,-6.0,2.0
2021-11-29,0.0,0.0,529.0,0.0,47.22,-4.0,5.0,-3.0,-14.0,-6.0,4.0
2021-11-30,0.0,0.0,529.0,0.0,47.22,-1.0,8.0,-6.0,-14.0,-5.0,4.0
2021-12-01,0.0,0.0,421.0,0.0,47.22,-6.0,5.0,-15.0,-16.0,-6.0,5.0
2021-12-02,0.0,0.0,421.0,0.0,47.22,-5.0,6.0,-7.0,-16.0,-6.0,4.0
2021-12-03,0.0,0.0,421.0,0.0,47.22,-6.0,4.0,-9.0,-16.0,-7.0,5.0
2021-12-04,0.0,0.0,421.0,0.0,47.22,-2.0,7.0,-8.0,-13.0,-7.0,3.0
2021-12-05,799.0,6.0,421.0,0.0,47.22,-2.0,7.0,-3.0,-15.0,-7.0,3.0
2021-12-06,0.0,0.0,421.0,0.0,47.22,-6.0,3.0,-14.0,-16.0,-6.0,4.0
2021-12-07,0.0,0.0,421.0,0.0,47.22,-5.0,3.0,-17.0,-15.0,-6.0,5.0
2021-12-08,0.0,0.0,362.0,0.0,47.22,-7.0,2.0,-22.0,-17.0,-6.0,5.0
2021-12-09,0.0,0.0,362.0,0.0,47.22,-2.0,7.0,-3.0,-15.0,-5.0,4.0
2021-12-10,0.0,0.0,362.0,0.0,47.22,-2.0,7.0,-6.0,-14.0,-5.0,4.0
2021-12-11,0.0,0.0,362.0,0.0,47.22,1.0,9.0,-3.0,-10.0,-7.0,3.0
2021-12-12,878.0,9.0,362.0,0.0,47.22,-1.0,8.0,-2.0,-13.0,-4.0,2.0
2021-12-13,0.0,0.0,362.0,0.0,47.22,-5.0,3.0,-13.0,-15.0,-4.0,4.0
2021-12-14,0.0,0.0,362.0,0.0,47.22,-3.0,4.0,-11.0,-15.0,-5.0,5.0
2021-12-15,0.0,0.0,416.0,0.0,47.22,2.0,11.0,-4.0,-13.0,-4.0,3.0
2021-12-16,0.0,0.0,416.0,0.0,47.22,0.0,8.0,-11.0,-14.0,-5.0,4.0
2021-12-17,0.0,0.0,416.0,0.0,47.22,-5.0,3.0,-25.0,-15.0,-5.0,5.0
2021-12-18,0.0,0.0,416.0,0.0,47.22,-1.0,6.0,-21.0,-13.0,-5.0,4.0
2021-12-19,1144.0,6.0,416.0,0.0,47.22,-1.0,7.0,-17.0,-16.0,-4.0,3.0
2021-12-20,0.0,0.0,416.0,0.0,47.22,0.0,8.0,-13.0,-14.0,-4.0,4.0
2021-12-21,0.0,0.0,416.0,0.0,47.22,4.0,8.0,-6.0,-14.0,-4.0,4.0
2021-12-22,0.0,0.0,603.0,0.0,47.22,2.0,8.0,-10.0,-15.0,-5.0,4.0
2021-12-23,0.0,0.0,603.0,0.0,47.22,4.0,10.0,-9.0,-14.0,-5.0,4.0
2021-12-24,0.0,0.0,603.0,0.0,47.22,4.0,15.0,-12.0,-15.0,-6.0,5.0
2021-12-25,0.0,0.0,603.0,0.0,47.22,0.0,13.0,-25.0,-15.0,-6.0,4.0
2021-12-26,1825.0,8.0,603.0,0.01,47.22,-8.0,3.0,-32.0,-20.0,-3.0,4.0
2021-12-27,0.0,0.0,603.0,0.01,47.22,5.0,9.0,-19.0,-15.0,-12.0,6.0
2021-12-28,0.0,0.0,603.0,0.01,47.22,19.0,17.0,-10.0,-15.0,-16.0,6.0
2021-12-29,0.0,0.0,1016.0,0.01,47.22,25.0,23.0,-10.0,-24.0,-48.0,13.0
2021-12-30,0.0,0.0,1016.0,0.01,47.22,28.0,31.0,-9.0,-29.0,-65.0,18.0
2021-12-31,0.0,0.0,1016.0,0.01,47.22,-5.0,21.0,-25.0,-48.0,-76.0,26.0
2022-01-01,0.0,0.0,1016.0,0.01,47.22,-42.0,-34.0,-14.0,-43.0,-69.0,15.0
2022-01-02,3019.0,8.0,1016.0,0.01,47.22,-13.0,-10.0,-12.0,-14.0,-37.0,3.0
2022-01-03,0.0,0.0,1016.0,0.02,47.22,15.0,0.0,5.0,-36.0,-77.0,21.0
2022-01-04,0.0,0.0,1016.0,0.02,47.22,11.0,10.0,-9.0,-27.0,-43.0,15.0
2022-01-05,0.0,0.0,2262.0,0.02,47.22,-2.0,7.0,-16.0,-21.0,-16.0,8.0
2022-01-06,0.0,0.0,2262.0,0.03,47.22,-12.0,0.0,-25.0,-21.0,-9.0,8.0
2022-01-07,0.0,0.0,2262.0,0.04,47.22,-14.0,0.0,-23.0,-20.0,-8.0,8.0
2022-01-08,0.0,0.0,2262.0,0.06,47.22,-10.0,4.0,-19.0,-20.0,-3.0,5.0
2022-01-09,30796.0,8.0,2262.0,0.07,47.22,-7.0,3.0,-7.0,-19.0,-6.0,4.0
2022-01-10,0.0,0.0,2262.0,0.08,47.22,8.0,7.0,7.0,-41.0,-59.0,19.0
2022-01-11,0.0,0.0,2262.0,0.09,47.22,-14.0,0.0,-36.0,-19.0,-6.0,7.0
2022-01-12,0.0,0.0,6642.0,0.1,47.22,-12.0,3.0,-19.0,-20.0,-5.0,6.0
2022-01-13,0.0,0.0,6642.0,0.11,47.22,-13.0,2.0,-22.0,-21.0,-6.0,6.0
2022-01-14,0.0,0.0,6642.0,0.13,47.22,-17.0,0.0,-23.0,-23.0,-7.0,7.0
2022-01-15,0.0,0.0,6642.0,0.15,47.22,-13.0,6.0,-22.0,-26.0,-4.0,6.0
2022-01-16,114235.0,30.0,6642.0,0.16,47.22,-15.0,2.0,-18.0,-30.0,-6.0,6.0
2022-01-17,0.0,0.0,6642.0,0.15,47.22,-13.0,1.0,-18.0,-21.0,-7.0,6.0
2022-01-18,0.0,0.0,6642.0,0.17,47.22,-11.0,2.0,-18.0,-22.0,-8.0,7.0
2022-01-19,0.0,0.0,10934.0,0.19,47.22,-12.0,3.0,-15.0,-23.0,-8.0,6.0
2022-01-20,0.0,0.0,10934.0,0.2,47.22,-12.0,5.0,-20.0,-24.0,-8.0,7.0
2022-01-21,0.0,0.0,10934.0,0.21,47.22,-18.0,1.0,-22.0,-26.0,-9.0,8.0
2022-01-22,0.0,0.0,10934.0,0.22,47.22,-15.0,5.0,-20.0,-30.0,-10.0,7.0
2022-01-23,289814.0,73.0,10934.0,0.24,47.22,-20.0,-2.0,-37.0,-36.0,-8.0,7.0
2022-01-24,0.0,0.0,10934.0,0.25,47.22,-16.0,1.0,-20.0,-25.0,-8.0,7.0
2022-01-25,0.0,0.0,10934.0,0.26,47.22,-10.0,8.0,-13.0,-25.0,-9.0,8.0
2022-01-26,0.0,0.0,17269.0,0.26,47.22,-14.0,4.0,-14.0,-27.0,-10.0,7.0
2022-01-27,0.0,0.0,17269.0,0.28,47.22,-16.0,4.0,-16.0,-27.0,-10.0,8.0
2022-01-28,0.0,0.0,17269.0,0.3,47.22,-19.0,3.0,-17.0,-29.0,-10.0,9.0
2022-01-29,0.0,0.0,17269.0,0.31,47.22,-18.0,5.0,-23.0,-33.0,-9.0,8.0
2022-01-30,499985.0,258.0,17269.0,0.33,47.22,-18.0,3.0,-23.0,-36.0,-8.0,7.0
2022-01-31,0.0,0.0,17269.0,0.34,47.22,-16.0,3.0,-18.0,-27.0,-8.0,7.0
2022-02-01,0.0,0.0,17269.0,0.34,47.22,-14.0,5.0,-14.0,-27.0,-10.0,8.0
2022-02-02,0.0,0.0,22653.0,0.36,47.22,-17.0,4.0,-15.0,-29.0,-10.0,8.0
2022-02-03,0.0,0.0,22653.0,0.37,47.22,-15.0,12.0,-17.0,-28.0,-10.0,8.0
2022-02-04,0.0,0.0,22653.0,0.38,47.22,-21.0,0.0,-19.0,-30.0,-11.0,10.0
2022-02-05,0.0,0.0,22653.0,0.4,47.22,-20.0,3.0,-31.0,-35.0,-10.0,9.0
2022-02-06,630951.0,560.0,22653.0,0.41,47.22,-22.0,-1.0,-29.0,-38.0,-10.0,8.0
2022-02-07,0.0,0.0,22653.0,0.4,47.22,-18.0,1.0,-18.0,-27.0,-10.0,8.0
2022-02-08,0.0,0.0,22653.0,0.42,47.22,-14.0,4.0,-16.0,-27.0,-11.0,8.0
2022-02-09,0.0,0.0,26734.0,0.43,47.22,-13.0,8.0,-10.0,-26.0,-10.0,7.0
2022-02-10,0.0,0.0,26734.0,0.44,47.22,-21.0,-2.0,-36.0,-30.0,-14.0,10.0
2022-02-11,0.0,0.0,26734.0,0.46,47.22,-9.0,2.0,-4.0,-48.0,-58.0,23.0
2022-02-12,0.0,0.0,26734.0,0.46,47.22,-14.0,7.0,-10.0,-30.0,-15.0,8.0
2022-02-13,611609.0,1035.0,26734.0,0.45,47.22,-23.0,-4.0,-45.0,-37.0,-10.0,8.0
2022-02-14,0.0,0.0,26734.0,0.48,47.22,-15.0,1.0,-18.0,-25.0,-9.0,7.0
2022-02-15,0.0,0.0,26734.0,0.49,47.22,-11.0,8.0,-12.0,-25.0,-10.0,7.0
2022-02-16,0.0,0.0,29225.0,0.49,47.22,-14.0,4.0,-15.0,-26.0,-10.0,7.0
2022-02-17,0.0,0.0,29225.0,0.49,47.22,-16.0,2.0,-21.0,-27.0,-10.0,8.0
2022-02-18,0.0,0.0,29225.0,0.45,47.22,-16.0,3.0,-16.0,-27.0,-10.0,9.0
2022-02-19,0.0,0.0,29225.0,0.45,47.22,-18.0,0.0,-36.0,-32.0,-8.0,8.0
2022-02-20,572555.0,1462.0,29225.0,0.44,47.22,-18.0,0.0,-36.0,-36.0,-8.0,7.0
2022-02-21,0.0,0.0,29225.0,0.45,47.22,-16.0,-2.0,-21.0,-25.0,-9.0,7.0
2022-02-22,0.0,0.0,29225.0,0.42,47.22,-8.0,5.0,-14.0,-23.0,-9.0,7.0
2022-02-23,0.0,0.0,29233.0,0.45,47.22,0.0,4.0,-1.0,-46.0,-55.0,19.0
2022-02-24,0.0,0.0,29233.0,0.43,47.22,-14.0,3.0,-18.0,-24.0,-9.0,7.0
2022-02-25,0.0,0.0,29233.0,0.41,47.22,-15.0,4.0,-16.0,-24.0,-9.0,7.0
2022-02-26,0.0,0.0,29233.0,0.4,47.22,-12.0,6.0,-9.0,-24.0,-7.0,6.0
2022-02-27,469867.0,1449.0,29233.0,0.4,47.22,-13.0,4.0,-12.0,-28.0,-5.0,5.0
2022-02-28,0.0,0.0,29233.0,0.39,47.22,-10.0,4.0,-11.0,-22.0,-7.0,6.0
2022-03-01,0.0,0.0,29233.0,0.41,47.22,-13.0,1.0,-21.0,-25.0,-9.0,7.0
2022-03-02,0.0,0.0,27492.0,0.37,47.22,-13.0,3.0,-13.0,-25.0,-9.0,6.0
2022-03-03,0.0,0.0,27492.0,0.39,47.22,-11.0,5.0,-14.0,-25.0,-9.0,7.0
2022-03-04,0.0,0.0,27492.0,0.4,47.22,-17.0,0.0,-17.0,-26.0,-10.0,8.0
2022-03-05,0.0,0.0,27492.0,0.4,47.22,-12.0,4.0,-14.0,-26.0,-8.0,6.0
2022-03-06,438913.0,1665.0,27492.0,0.39,47.22,-13.0,1.0,-18.0,-28.0,-6.0,5.0
2022-03-07,0.0,0.0,27492.0,0.39,47.22,-14.0,0.0,-19.0,-24.0,-8.0,6.0
2022-03-08,0.0,0.0,27492.0,0.38,47.22,-12.0,1.0,-17.0,-24.0,-9.0,7.0
2022-03-09,0.0,0.0,24191.0,0.38,47.22,-11.0,1.0,-11.0,-24.0,-9.0,6.0
2022-03-10,0.0,0.0,24191.0,0.36,47.22,-10.0,3.0,-13.0,-23.0,-9.0,6.0
2022-03-11,0.0,0.0,24191.0,0.37,47.22,-14.0,-1.0,-15.0,-24.0,-10.0,7.0
2022-03-12,0.0,0.0,24191.0,0.36,47.22,-9.0,4.0,-8.0,-21.0,-10.0,5.0
2022-03-13,378863.0,1219.0,24191.0,0.36,47.22,-9.0,3.0,-7.0,-22.0,-5.0,4.0
2022-03-14,0.0,0.0,24191.0,0.36,47.22,-10.0,-1.0,-18.0,-22.0,-8.0,6.0
2022-03-15,0.0,0.0,24191.0,0.36,47.22,-8.0,4.0,-13.0,-22.0,-9.0,6.0
2022-03-16,0.0,0.0,19767.0,0.37,47.22,-10.0,2.0,-8.0,-22.0,-9.0,5.0
2022-03-17,0.0,0.0,19767.0,0.36,47.22,-10.0,3.0,-13.0,-22.0,-9.0,6.0
2022-03-18,0.0,0.0,19767.0,0.36,47.22,-19.0,-9.0,-43.0,-25.0,-12.0,9.0
2022-03-19,0.0,0.0,19767.0,0.35,47.22,-11.0,3.0,-25.0,-19.0,-8.0,5.0
2022-03-20,331694.0,891.0,19767.0,0.35,47.22,-3.0,7.0,1.0,-11.0,-5.0,2.0
2022-03-21,0.0,0.0,19767.0,0.39,45.37,11.0,6.0,15.0,-36.0,-59.0,17.0
2022-03-22,0.0,0.0,19767.0,0.35,45.37,-16.0,-5.0,-37.0,-22.0,-9.0,7.0
2022-03-23,0.0,0.0,16233.0,0.34,45.37,-10.0,0.0,-19.0,-21.0,-8.0,5.0
2022-03-24,0.0,0.0,16233.0,0.34,45.37,-7.0,2.0,-10.0,-20.0,-9.0,5.0
2022-03-25,0.0,0.0,16233.0,0.34,45.37,-8.0,3.0,-7.0,-19.0,-10.0,5.0
2022-03-26,0.0,0.0,16233.0,0.35,45.37,-14.0,-4.0,-38.0,-22.0,-9.0,6.0
2022-03-27,273629.0,722.0,16233.0,0.35,45.37,-5.0,5.0,8.0,-14.0,-4.0,2.0
2022-03-28,0.0,0.0,16233.0,0.32,45.37,-5.0,1.0,-1.0,-17.0,-10.0,5.0
2022-03-29,0.0,0.0,16233.0,0.36,45.37,-3.0,2.0,0.0,-19.0,-11.0,5.0
2022-03-30,0.0,0.0,12581.0,0.38,45.37,-2.0,4.0,15.0,-18.0,-11.0,4.0
2022-03-31,0.0,0.0,12581.0,0.38,45.37,-7.0,2.0,-13.0,-20.0,-9.0,5.0
2022-04-01,0.0,0.0,12581.0,0.37,45.37,-13.0,-3.0,-10.0,-21.0,-10.0,6.0
2022-04-02,0.0,0.0,12581.0,0.37,45.37,-8.0,2.0,12.0,-15.0,-10.0,3.0
2022-04-03,324367.0,519.0,12581.0,0.38,45.37,-12.0,-3.0,-13.0,-20.0,-9.0,4.0
2022-04-04,0.0,0.0,12581.0,0.38,45.37,-14.0,-8.0,-18.0,-20.0,-12.0,5.0
2022-04-05,0.0,0.0,12581.0,0.36,45.37,-5.0,2.0,7.0,-18.0,-12.0,5.0
2022-04-06,0.0,0.0,11917.0,0.36,45.37,-8.0,-1.0,6.0,-19.0,-12.0,4.0
2022-04-07,0.0,0.0,11917.0,0.37,45.37,-9.0,-1.0,-3.0,-19.0,-12.0,5.0
2022-04-08,0.0,0.0,11917.0,0.37,45.37,-11.0,-2.0,-7.0,-18.0,-12.0,6.0
2022-04-09,0.0,0.0,11917.0,0.38,45.37,-7.0,4.0,5.0,-15.0,-12.0,4.0
2022-04-10,337477.0,398.0,11917.0,0.37,45.37,-7.0,5.0,15.0,-15.0,-7.0,2.0
2022-04-11,0.0,0.0,11917.0,0.39,45.37,-12.0,-2.0,-10.0,-16.0,-10.0,4.0
2022-04-12,0.0,0.0,11917.0,0.41,45.37,-8.0,2.0,-3.0,-16.0,-10.0,5.0
2022-04-13,0.0,0.0,12354.0,0.4,45.37,-10.0,0.0,-5.0,-17.0,-10.0,4.0
2022-04-14,0.0,0.0,12354.0,0.38,45.37,-16.0,-7.0,-32.0,-19.0,-11.0,6.0
2022-04-15,0.0,0.0,12354.0,0.38,45.37,-14.0,-2.0,-32.0,-19.0,-11.0,6.0
2022-04-16,0.0,0.0,12354.0,0.38,45.37,-6.0,5.0,-7.0,-17.0,-9.0,4.0
2022-04-17,334688.0,339.0,12354.0,0.37,45.37,-7.0,3.0,7.0,-16.0,-7.0,3.0
2022-04-18,0.0,0.0,12354.0,0.33,45.37,-14.0,-6.0,-20.0,-16.0,-9.0,5.0
2022-04-19,0.0,0.0,12354.0,0.32,45.37,-7.0,1.0,-3.0,-16.0,-9.0,4.0
2022-04-20,0.0,0.0,11508.0,0.3,45.37,-9.0,1.0,-8.0,-16.0,-9.0,4.0
2022-04-21,0.0,0.0,11508.0,0.3,45.37,-12.0,-4.0,-18.0,-16.0,-9.0,5.0
2022-04-22,0.0,0.0,11508.0,0.29,45.37,-10.0,0.0,-9.0,-16.0,-9.0,5.0
2022-04-23,0.0,0.0,11508.0,0.29,45.37,-7.0,4.0,-2.0,-14.0,-9.0,4.0
2022-04-24,285761.0,285.0,11508.0,0.29,45.37,-11.0,-1.0,-21.0,-20.0,-7.0,4.0
2022-04-25,0.0,0.0,11508.0,0.3,45.37,-7.0,3.0,-6.0,-12.0,-7.0,3.0
2022-04-26,0.0,0.0,11508.0,0.13,45.37,-11.0,-2.0,-23.0,-14.0,-8.0,5.0
2022-04-27,0.0,0.0,10774.0,0.13,45.37,-7.0,2.0,-15.0,-14.0,-7.0,4.0
2022-04-28,0.0,0.0,10774.0,0.13,45.37,3.0,7.0,-4.0,-8.0,-7.0,2.0
2022-04-29,0.0,0.0,10774.0,0.13,45.37,-2.0,-5.0,-19.0,-36.0,-58.0,19.0
2022-04-30,0.0,0.0,10774.0,0.13,45.37,-3.0,9.0,14.0,-7.0,-13.0,3.0
2022-05-01,241921.0,293.0,10774.0,0.12,45.37,-10.0,-2.0,-15.0,-12.0,-8.0,3.0
2022-05-02,0.0,0.0,10774.0,0.12,45.37,14.0,10.0,13.0,-12.0,-31.0,8.0
2022-05-03,0.0,0.0,10774.0,0.31,45.37,29.0,11.0,77.0,-16.0,-68.0,14.0
2022-05-04,0.0,0.0,9264.0,0.35,45.37,24.0,9.0,77.0,-19.0,-69.0,14.0
2022-05-05,0.0,0.0,9264.0,0.37,45.37,17.0,9.0,49.0,-27.0,-68.0,17.0
2022-05-06,0.0,0.0,9264.0,0.27,45.37,-7.0,4.0,-2.0,-21.0,-21.0,9.0
2022-05-07,0.0,0.0,9264.0,0.28,45.37,-12.0,1.0,-6.0,-17.0,-5.0,4.0
2022-05-08,197600.0,212.0,9264.0,0.3,45.37,-7.0,3.0,4.0,-16.0,-5.0,3.0
2022-05-09,0.0,0.0,9264.0,0.3,45.37,-15.0,-5.0,-24.0,-15.0,-6.0,5.0
2022-05-10,0.0,0.0,9264.0,0.29,45.37,-6.0,5.0,-3.0,-13.0,-7.0,4.0
2022-05-11,0.0,0.0,9005.0,0.28,45.37,-10.0,1.0,-10.0,-15.0,-7.0,3.0
2022-05-12,0.0,0.0,9005.0,0.28,45.37,-14.0,-3.0,-24.0,-16.0,-7.0,5.0
2022-05-13,0.0,0.0,9005.0,0.32,45.37,-19.0,-8.0,-39.0,-19.0,-8.0,7.0
2022-05-14,0.0,0.0,9005.0,0.31,45.37,-9.0,4.0,-18.0,-18.0,-9.0,5.0
2022-05-15,273523.0,248.0,9005.0,0.3,45.37,-8.0,4.0,4.0,-16.0,-5.0,3.0
2022-05-16,0.0,0.0,9005.0,0.3,45.37,-13.0,-3.0,-20.0,-15.0,-6.0,4.0
2022-05-17,0.0,0.0,9005.0,0.29,45.37,-8.0,1.0,-9.0,-14.0,-6.0,4.0
2022-05-18,0.0,0.0,9256.0,0.29,45.37,-8.0,1.0,0.0,-14.0,-6.0,3.0
2022-05-19,0.0,0.0,9256.0,0.28,45.37,-9.0,0.0,-6.0,-14.0,-7.0,4.0
2022-05-20,0.0,0.0,9256.0,0.28,45.37,-10.0,2.0,-8.0,-15.0,-7.0,4.0
2022-05-21,0.0,0.0,9256.0,0.28,45.37,-9.0,1.0,-14.0,-15.0,-8.0,4.0
2022-05-22,245627.0,246.0,9256.0,0.28,45.37,-7.0,3.0,8.0,-13.0,-5.0,2.0
2022-05-23,0.0,0.0,9256.0,0.27,45.37,-10.0,-1.0,-9.0,-14.0,-6.0,4.0
2022-05-24,0.0,0.0,9256.0,0.27,43.08,-7.0,2.0,-2.0,-13.0,-6.0,4.0
2022-05-25,0.0,0.0,9100.0,0.27,43.08,-6.0,5.0,-2.0,-13.0,-6.0,3.0
2022-05-26,0.0,0.0,9100.0,0.26,43.08,-9.0,1.0,-13.0,-14.0,-6.0,4.0
2022-05-27,0.0,0.0,9100.0,0.25,43.08,-12.0,-3.0,-22.0,-16.0,-7.0,5.0
2022-05-28,0.0,0.0,9100.0,0.23,43.08,-4.0,5.0,-1.0,-11.0,-9.0,3.0
2022-05-29,192931.0,251.0,9100.0,0.22,43.08,-5.0,5.0,7.0,-11.0,-4.0,2.0
2022-05-30,0.0,0.0,9100.0,0.23,43.08,-9.0,0.0,-13.0,-14.0,-5.0,4.0
2022-05-31,0.0,0.0,9100.0,0.21,43.08,-7.0,2.0,-18.0,-14.0,-4.0,4.0
2022-06-01,0.0,0.0,8210.0,0.2,43.08,-7.0,3.0,-5.0,-15.0,-4.0,3.0
2022-06-02,0.0,0.0,8210.0,0.19,43.08,-9.0,1.0,-9.0,-15.0,-5.0,4.0
2022-06-03,0.0,0.0,8210.0,0.16,43.08,-12.0,-2.0,-15.0,-16.0,-6.0,5.0
2022-06-04,0.0,0.0,8210.0,0.16,43.08,-5.0,5.0,2.0,-12.0,-9.0,3.0
2022-06-05,134170.0,215.0,8210.0,0.15,43.08,-8.0,2.0,-5.0,-15.0,-6.0,2.0
2022-06-06,0.0,0.0,8210.0,0.15,43.08,-17.0,-8.0,-35.0,-16.0,-6.0,6.0
2022-06-07,0.0,0.0,8210.0,0.15,43.08,-8.0,2.0,-13.0,-14.0,-5.0,4.0
2022-06-08,0.0,0.0,6505.0,0.14,43.08,-8.0,1.0,-8.0,-14.0,-5.0,4.0
2022-06-09,0.0,0.0,6505.0,0.14,43.08,-9.0,1.0,-8.0,-14.0,-5.0,4.0
2022-06-10,0.0,0.0,6505.0,0.16,37.53,-9.0,1.0,-9.0,-14.0,-6.0,5.0
2022-06-11,0.0,0.0,6505.0,0.15,37.53,-6.0,2.0,-17.0,-14.0,-12.0,4.0
2022-06-12,105948.0,137.0,6505.0,0.15,37.53,-5.0,4.0,3.0,-11.0,-5.0,2.0
2022-06-13,0.0,0.0,6505.0,0.07,37.53,-10.0,-1.0,-10.0,-13.0,-4.0,4.0
2022-06-14,0.0,0.0,6505.0,0.07,37.53,-11.0,-3.0,-24.0,-14.0,-5.0,5.0
2022-06-15,0.0,0.0,5237.0,0.07,37.52,-6.0,4.0,-22.0,-13.0,-5.0,4.0
2022-06-16,0.0,0.0,5237.0,0.07,37.52,-7.0,3.0,-10.0,-12.0,-5.0,4.0
2022-06-17,0.0,0.0,5237.0,0.07,37.52,-8.0,1.0,-9.0,-13.0,-6.0,4.0
2022-06-18,0.0,0.0,5237.0,0.07,37.52,-4.0,4.0,-5.0,-10.0,-9.0,3.0
2022-06-19,98001.0,135.0,5237.0,0.07,37.52,-3.0,6.0,1.0,-10.0,-5.0,2.0
2022-06-20,0.0,0.0,5237.0,0.15,37.52,-8.0,3.0,-12.0,-13.0,-4.0,4.0
2022-06-21,0.0,0.0,5237.0,0.15,37.52,-9.0,-2.0,-18.0,-13.0,-5.0,5.0
2022-06-22,0.0,0.0,4862.0,0.15,37.52,-7.0,1.0,-13.0,-14.0,-4.0,4.0
2022-06-23,0.0,0.0,4862.0,0.15,37.52,-8.0,2.0,-14.0,-13.0,-5.0,4.0
2022-06-24,0.0,0.0,4862.0,0.15,37.52,-7.0,1.0,-16.0,-13.0,-5.0,4.0
2022-06-25,0.0,0.0,4862.0,0.15,37.52,-4.0,6.0,-13.0,-10.0,-11.0,3.0
2022-06-26,103653.0,94.0,4862.0,0.15,37.52,-4.0,6.0,-4.0,-11.0,-5.0,2.0
2022-06-27,0.0,0.0,4862.0,0.15,37.52,-8.0,1.0,-16.0,-13.0,-4.0,4.0
2022-06-28,0.0,0.0,4862.0,0.15,37.52,-4.0,4.0,-12.0,-13.0,-4.0,4.0
2022-06-29,0.0,0.0,5028.0,0.15,37.52,-6.0,3.0,-14.0,-14.0,-5.0,4.0
2022-06-30,0.0,0.0,5028.0,0.15,37.52,-5.0,6.0,-17.0,-14.0,-3.0,4.0
2022-07-01,0.0,0.0,5028.0,0.15,37.52,-9.0,2.0,-18.0,-15.0,-4.0,5.0
2022-07-02,0.0,0.0,5028.0,0.15,37.52,-6.0,5.0,-13.0,-14.0,-8.0,3.0
2022-07-03,122586.0,193.0,5028.0,0.15,37.52,-8.0,2.0,-21.0,-17.0,-6.0,3.0
2022-07-04,0.0,0.0,5028.0,0.15,37.52,-12.0,-1.0,-26.0,-14.0,-5.0,5.0
2022-07-05,0.0,0.0,5028.0,0.15,37.52,-9.0,0.0,-24.0,-15.0,-6.0,5.0
2022-07-06,0.0,0.0,6999.0,0.15,37.52,-9.0,1.0,-16.0,-16.0,-5.0,4.0
2022-07-07,0.0,0.0,6999.0,0.15,37.52,-7.0,2.0,-14.0,-14.0,-5.0,4.0
2022-07-08,0.0,0.0,6999.0,0.15,37.52,-10.0,-1.0,-16.0,-15.0,-6.0,5.0
2022-07-09,0.0,0.0,6999.0,0.15,37.52,-5.0,3.0,-13.0,-14.0,-11.0,4.0
2022-07-10,269760.0,113.0,6999.0,0.15,37.52,-2.0,8.0,-6.0,-14.0,-5.0,2.0
2022-07-11,0.0,0.0,6999.0,0.15,37.52,-11.0,-1.0,-14.0,-14.0,-5.0,4.0
2022-07-12,0.0,0.0,6999.0,0.15,37.52,-10.0,-1.0,-19.0,-15.0,-7.0,5.0
2022-07-13,0.0,0.0,11679.0,0.15,37.52,-10.0,0.0,-17.0,-15.0,-7.0,4.0
2022-07-14,0.0,0.0,11679.0,0.15,37.52,-12.0,-2.0,-23.0,-15.0,-7.0,5.0
2022-07-15,0.0,0.0,11679.0,0.15,37.52,-14.0,-2.0,-28.0,-16.0,-8.0,7.0
2022-07-16,0.0,0.0,11679.0,0.15,37.52,-11.0,1.0,-24.0,-15.0,-10.0,5.0
2022-07-17,559111.0,165.0,11679.0,0.15,37.52,-4.0,3.0,2.0,-8.0,-8.0,2.0
2022-07-18,0.0,0.0,11679.0,0.15,37.52,10.0,4.0,11.0,-35.0,-60.0,17.0
2022-07-19,0.0,0.0,11679.0,0.15,37.52,-14.0,-1.0,-27.0,-17.0,-7.0,10.0
2022-07-20,0.0,0.0,18010.0,0.15,37.52,-9.0,5.0,-12.0,-17.0,-6.0,5.0
2022-07-21,0.0,0.0,18010.0,0.15,37.52,-11.0,1.0,-15.0,-18.0,-8.0,6.0
2022-07-22,0.0,0.0,18010.0,0.15,37.52,-14.0,-1.0,-17.0,-20.0,-9.0,7.0
2022-07-23,0.0,0.0,18010.0,0.15,37.52,-12.0,5.0,-11.0,-18.0,-10.0,5.0
2022-07-24,969068.0,330.0,18010.0,0.15,37.52,-14.0,1.0,-5.0,-19.0,-8.0,4.0
2022-07-25,0.0,0.0,18010.0,0.15,37.52,-10.0,4.0,-12.0,-17.0,-10.0,6.0
2022-07-26,0.0,0.0,18010.0,0.15,37.52,-9.0,3.0,-14.0,-19.0,-11.0,7.0
2022-07-27,0.0,0.0,24860.0,0.15,37.52,-10.0,4.0,-11.0,-19.0,-11.0,6.0
2022-07-28,0.0,0.0,24860.0,0.15,37.52,-9.0,4.0,-12.0,-19.0,-11.0,6.0
2022-07-29,0.0,0.0,24860.0,0.15,37.52,-11.0,4.0,-13.0,-21.0,-12.0,7.0
2022-07-30,0.0,0.0,24860.0,0.15,37.52,-10.0,7.0,-11.0,-19.0,-11.0,5.0
2022-07-31,1379099.0,754.0,24860.0,0.15,37.52,-11.0,5.0,-10.0,-19.0,-7.0,4.0
2022-08-01,0.0,0.0,24860.0,0.15,37.52,-10.0,4.0,-16.0,-19.0,-11.0,6.0
2022-08-02,0.0,0.0,24860.0,0.15,37.52,-8.0,5.0,-9.0,-20.0,-12.0,7.0
2022-08-03,0.0,0.0,30562.0,0.15,37.52,-10.0,3.0,-12.0,-21.0,-12.0,7.0
2022-08-04,0.0,0.0,30562.0,0.15,37.52,-13.0,-1.0,-20.0,-21.0,-13.0,8.0
2022-08-05,0.0,0.0,30562.0,0.15,37.52,-11.0,3.0,-12.0,-21.0,-13.0,8.0
2022-08-06,0.0,0.0,30562.0,0.15,37.52,-10.0,5.0,-8.0,-16.0,-11.0,5.0
2022-08-07,1496968.0,1131.0,30562.0,0.15,37.52,-11.0,4.0,-6.0,-17.0,-9.0,4.0
2022-08-08,0.0,0.0,30562.0,0.15,37.52,-8.0,2.0,-10.0,-19.0,-14.0,6.0
2022-08-09,0.0,0.0,30562.0,0.15,37.52,-4.0,5.0,-5.0,-19.0,-15.0,7.0
2022-08-10,0.0,0.0,36588.0,0.15,37.52,0.0,8.0,-2.0,-17.0,-17.0,5.0
2022-08-11,0.0,0.0,36588.0,0.15,37.52,12.0,11.0,17.0,-31.0,-60.0,17.0
2022-08-12,0.0,0.0,36588.0,0.15,37.52,1.0,11.0,2.0,-25.0,-43.0,14.0
2022-08-13,0.0,0.0,36588.0,0.15,37.52,-19.0,-3.0,-19.0,-26.0,-40.0,10.0
2022-08-14,1395301.0,1546.0,36588.0,0.15,37.52,-9.0,3.0,4.0,-7.0,-20.0,2.0
2022-08-15,0.0,0.0,36588.0,0.15,37.52,12.0,11.0,13.0,-22.0,-54.0,17.0
2022-08-16,0.0,0.0,36588.0,0.15,37.52,4.0,8.0,-2.0,-24.0,-40.0,16.0
2022-08-17,0.0,0.0,37673.0,0.15,37.52,-7.0,3.0,-13.0,-22.0,-22.0,11.0
2022-08-18,0.0,0.0,37673.0,0.15,37.52,-7.0,3.0,-14.0,-20.0,-18.0,11.0
2022-08-19,0.0,0.0,37673.0,0.15,37.52,-8.0,3.0,-1.0,-20.0,-17.0,11.0
2022-08-20,0.0,0.0,37673.0,0.15,37.52,-13.0,3.0,-14.0,-17.0,-10.0,8.0
2022-08-21,1476374.0,1906.0,37673.0,0.15,37.52,-12.0,1.0,-11.0,-16.0,-7.0,6.0
2022-08-22,0.0,0.0,37673.0,0.15,37.52,-11.0,1.0,-7.0,-17.0,-11.0,9.0
2022-08-23,0.0,0.0,37673.0,0.15,37.52,-7.0,4.0,-5.0,-18.0,-12.0,10.0
2022-08-24,0.0,0.0,38866.0,0.15,37.52,-10.0,2.0,-8.0,-19.0,-11.0,9.0
2022-08-25,0.0,0.0,38866.0,0.15,37.52,-7.0,5.0,-11.0,-18.0,-11.0,9.0
2022-08-26,0.0,0.0,38866.0,0.15,37.52,-11.0,2.0,-11.0,-19.0,-11.0,10.0
2022-08-27,0.0,0.0,38866.0,0.15,37.51,-8.0,5.0,-5.0,-14.0,-13.0,7.0
2022-08-28,1258772.0,1976.0,38866.0,0.15,37.51,-11.0,2.0,-12.0,-16.0,-7.0,6.0
2022-08-29,0.0,0.0,38866.0,0.15,37.51,-9.0,1.0,-8.0,-17.0,-10.0,8.0
2022-08-30,0.0,0.0,38866.0,0.15,37.51,-7.0,3.0,-12.0,-18.0,-9.0,8.0
2022-08-31,0.0,0.0,36778.0,0.15,37.51,-9.0,3.0,-16.0,-19.0,-8.0,7.0
2022-09-01,0.0,0.0,36778.0,0.15,37.51,-14.0,0.0,-28.0,-19.0,-8.0,6.0
2022-09-02,0.0,0.0,36778.0,0.15,37.51,-15.0,-2.0,-26.0,-20.0,-8.0,7.0
2022-09-03,0.0,0.0,36778.0,0.15,37.51,-10.0,5.0,-16.0,-18.0,-9.0,5.0
2022-09-04,1164787.0,2040.0,36778.0,0.15,37.51,-9.0,3.0,-7.0,-17.0,-7.0,4.0
2022-09-05,0.0,0.0,36778.0,0.15,37.51,-12.0,1.0,-18.0,-17.0,-7.0,5.0
2022-09-06,0.0,0.0,36778.0,0.15,37.51,-13.0,-2.0,-20.0,-20.0,-10.0,7.0
2022-09-07,0.0,0.0,31195.0,0.15,37.04,-11.0,0.0,-16.0,-17.0,-8.0,5.0
2022-09-08,0.0,0.0,31195.0,0.15,37.04,-10.0,0.0,-18.0,-17.0,-8.0,6.0
2022-09-09,0.0,0.0,31195.0,0.15,37.04,-11.0,0.0,-14.0,-17.0,-8.0,6.0
2022-09-10,0.0,0.0,31195.0,0.15,37.04,-6.0,6.0,-2.0,-13.0,-10.0,4.0
2022-09-11,537181.0,1501.0,31195.0,0.15,37.04,-7.0,4.0,1.0,-12.0,-5.0,3.0
2022-09-12,0.0,0.0,31195.0,0.15,37.04,-11.0,0.0,-11.0,-15.0,-6.0,5.0
2022-09-13,0.0,0.0,31195.0,0.15,37.04,-7.0,3.0,-8.0,-15.0,-7.0,5.0
2022-09-14,0.0,0.0,24407.0,0.15,37.04,-9.0,2.0,-9.0,-15.0,-7.0,4.0
2022-09-15,0.0,0.0,24407.0,0.15,37.04,-6.0,5.0,-10.0,-14.0,-7.0,4.0
2022-09-16,0.0,0.0,24407.0,0.15,37.04,-9.0,3.0,-10.0,-15.0,-8.0,4.0
2022-09-17,0.0,0.0,24407.0,0.15,37.04,-6.0,9.0,-6.0,-9.0,-7.0,3.0
2022-09-18,605919.0,1033.0,24407.0,0.15,37.04,-17.0,-7.0,-29.0,-21.0,-11.0,5.0
2022-09-19,0.0,0.0,24407.0,0.15,37.04,-14.0,-13.0,-34.0,-51.0,-63.0,23.0
2022-09-20,0.0,0.0,24407.0,0.15,37.04,-11.0,2.0,-25.0,-20.0,-9.0,6.0
2022-09-21,0.0,0.0,19347.0,0.15,37.04,-6.0,4.0,-4.0,-13.0,-6.0,3.0
2022-09-22,0.0,0.0,19347.0,0.15,37.04,0.0,7.0,-9.0,-10.0,-7.0,2.0
2022-09-23,0.0,0.0,19347.0,0.15,37.04,3.0,1.0,-9.0,-32.0,-57.0,18.0
2022-09-24,0.0,0.0,19347.0,0.15,37.04,-10.0,1.0,-16.0,-17.0,-15.0,5.0
2022-09-25,535502.0,636.0,19347.0,0.15,37.04,-5.0,6.0,13.0,-3.0,-5.0,1.0
2022-09-26,0.0,0.0,19347.0,0.15,31.48,-8.0,2.0,-8.0,-11.0,-7.0,3.0
2022-09-27,0.0,0.0,19347.0,0.15,31.48,-6.0,2.0,-9.0,-13.0,-7.0,4.0
2022-09-28,0.0,0.0,13888.0,0.15,31.48,-5.0,4.0,-4.0,-13.0,-7.0,3.0
2022-09-29,0.0,0.0,13888.0,0.15,31.48,-6.0,3.0,-7.0,-14.0,-7.0,4.0
2022-09-30,0.0,0.0,13888.0,0.15,31.48,-6.0,6.0,-7.0,-14.0,-6.0,4.0
2022-10-01,0.0,0.0,13888.0,0.15,31.48,-6.0,5.0,4.0,-10.0,-6.0,3.0
2022-10-02,306958.0,555.0,13888.0,0.15,31.48,-7.0,4.0,9.0,-10.0,-5.0,2.0
2022-10-03,0.0,0.0,13888.0,0.15,31.48,-10.0,0.0,-8.0,-13.0,-6.0,4.0
2022-10-04,0.0,0.0,13888.0,0.15,31.48,-8.0,2.0,-8.0,-14.0,-7.0,4.0
2022-10-05,0.0,0.0,10576.0,0.15,31.48,-10.0,-1.0,-18.0,-15.0,-7.0,4.0
2022-10-06,0.0,0.0,10576.0,0.15,31.48,-10.0,-1.0,-20.0,-14.0,-7.0,4.0
2022-10-07,0.0,0.0,10576.0,0.15,31.48,-15.0,-7.0,-32.0,-15.0,-8.0,6.0
2022-10-08,0.0,0.0,10576.0,0.15,31.48,-4.0,6.0,3.0,-6.0,-11.0,2.0
2022-10-09,208547.0,493.0,10576.0,0.15,31.48,-5.0,-1.0,1.0,-4.0,-7.0,1.0
2022-10-10,0.0,0.0,10576.0,0.15,31.48,11.0,3.0,-3.0,-34.0,-60.0,17.0
2022-10-11,0.0,0.0,10576.0,0.15,31.48,-7.0,4.0,-4.0,-13.0,-7.0,4.0
2022-10-12,0.0,0.0,8836.0,0.15,31.48,-9.0,0.0,-4.0,-13.0,-6.0,3.0
2022-10-13,0.0,0.0,8836.0,0.15,31.48,-10.0,-2.0,-13.0,-14.0,-7.0,4.0
2022-10-14,0.0,0.0,8836.0,0.15,31.48,-8.0,2.0,-10.0,-12.0,-7.0,4.0
2022-10-15,0.0,0.0,8836.0,0.15,31.48,-5.0,6.0,5.0,-7.0,-5.0,2.0
